"","p_val","avg_log2FC","pct.1","pct.2","p_val_adj"
"ARX",1.15495491745266e-94,-0.0395157328119387,0.364,0.831,2.30990983490533e-91
"NCAN",8.32858757536537e-93,0.0101460521013904,0.499,0.935,1.66571751507307e-89
"ANKRD1",1.69995222248338e-88,-0.018331302165493,0.287,0.836,3.39990444496676e-85
"ICAM1",1.04780993811149e-87,0.0154795304056583,0.269,0.821,2.09561987622298e-84
"SYTL2",1.36500076569775e-87,0.0144815463474036,0.543,0.983,2.73000153139551e-84
"PHOX2B",2.49746522132995e-85,0.0455239817356767,0.525,0.999,4.9949304426599e-82
"KCNJ6",5.25369565679888e-84,0.0359816388694234,0.532,0.998,1.05073913135978e-80
"SOX9",5.81161603223884e-83,0.0192345719472213,0.437,0.952,1.16232320644777e-79
"NTRK3",4.2812262227082e-79,-0.0117602681322554,0.49,0.962,8.5624524454164e-76
"GDPD2",2.3588683006434e-72,-0.026765517287239,0.438,0.868,4.7177366012868e-69
"PTF1A",2.27080595559441e-71,0.0248562020219815,0.502,0.937,4.54161191118881e-68
"MMP11",2.34617429341048e-71,-0.0203068965781213,0.416,0.867,4.69234858682096e-68
"OPRK1",1.16720742671767e-70,0.016592211550178,0.488,0.923,2.33441485343533e-67
"HAND1",7.33717108522333e-69,-0.0194573829250385,0.227,0.308,1.46743421704467e-65
"GDF3",1.13490242087027e-68,0.0282983619342567,0.402,0.883,2.26980484174054e-65
"CSRP1",1.28382329059918e-67,0.0280518370688422,0.43,0.935,2.56764658119835e-64
"PDGFA",3.43751426971557e-67,-0.0111680172906776,0.121,0.669,6.87502853943114e-64
"SCN9A",1.92807529271165e-66,0.0187617536253726,0.369,0.808,3.85615058542331e-63
"C7",1.43452073762933e-65,-0.0195593698719698,0.323,0.842,2.86904147525867e-62
"PDLIM3",5.56315831323652e-65,0.0349053194465022,0.492,0.934,1.1126316626473e-61
"TFPI",7.43000357354409e-64,-0.0139271341309163,0.279,0.78,1.48600071470882e-60
"EDN3",1.84821553060415e-62,0.0102342133346678,0.205,0.766,3.69643106120829e-59
"PHF11",1.5317705257438e-61,0.0111868227525045,0.365,0.863,3.0635410514876e-58
"ONECUT1",2.54254349777406e-61,-0.0153365370307702,0.347,0.35,5.08508699554811e-58
"PLP1",8.12221780025693e-61,0.0265561085536748,0.52,0.94,1.62444356005139e-57
"DOK5",8.26900804095477e-61,0.050917292659433,0.516,0.937,1.65380160819095e-57
"ARSJ",1.55847431804977e-59,0.0127053181147312,0.216,0.788,3.11694863609953e-56
"OLFM2",4.27255042879861e-58,0.0259029319131721,0.237,0.778,8.54510085759722e-55
"GDAP1L1",5.8100020827963e-58,-0.0304721388473818,0.494,0.923,1.16200041655926e-54
"BARX2",6.08317090216163e-57,0.0103306876178235,0.107,0.47,1.21663418043233e-53
"GLIS3",1.9250216750314e-56,-0.0230605222643129,0.265,0.748,3.85004335006281e-53
"PALMD",3.01763361351792e-56,0.0434470678946301,0.281,0.763,6.03526722703583e-53
"RPP25",5.62196771680398e-56,-0.0261520073349331,0.253,0.297,1.1243935433608e-52
"GLIPR1",1.55870986742854e-55,-0.0151367837800772,0.425,0.856,3.11741973485708e-52
"EPSTI1",1.21229059642581e-54,0.0240665420562454,0.244,0.72,2.42458119285162e-51
"TGFB1I1",2.58479293961535e-53,0.0317411232739574,0.316,0.822,5.1695858792307e-50
"OSMR",4.7548778575953e-53,0.0157204969165491,0.218,0.722,9.5097557151906e-50
"ELMOD1",5.5531293167082e-53,-0.0104615132414898,0.251,0.722,1.11062586334164e-49
"FAM107A",1.48055176080112e-51,0.0198405605858489,0.403,0.803,2.96110352160225e-48
"CYTOR",7.5328749246279e-51,0.038344833843901,0.357,0.86,1.50657498492558e-47
"OPTN",2.00695463912147e-50,-0.0180605063623064,0.43,0.836,4.01390927824295e-47
"FGF19",1.32378833105077e-49,0.0186872203667926,0.452,0.839,2.64757666210154e-46
"CA4",3.87273602035126e-49,-0.0608957067036184,0.361,0.785,7.74547204070251e-46
"FAM181B",3.83394713456793e-48,0.0103883735938664,0.432,0.816,7.66789426913587e-45
"ADGRA2",4.10024849360432e-48,-0.021049356474853,0.194,0.708,8.20049698720863e-45
"PARP14",4.38580303974085e-48,0.0320165000542824,0.325,0.805,8.7716060794817e-45
"IL13RA2",4.93127192878424e-48,0.0370179144674421,0.541,0.974,9.86254385756848e-45
"DHRS3",5.17451392509418e-48,0.0115544869402798,0.377,0.783,1.03490278501884e-44
"KREMEN2",5.19323046138048e-48,-0.0133430986678449,0.34,0.808,1.0386460922761e-44
"MYOT",7.25392839979113e-48,-0.0157353253795526,0.184,0.718,1.45078567995823e-44
"SLC38A11",8.77449289506823e-48,-0.0200967120632087,0.21,0.322,1.75489857901365e-44
"HAND2",1.93381714421669e-47,-0.0261699651809653,0.191,0.325,3.86763428843338e-44
"IGFBPL1",1.49192862012878e-46,-0.0247950590486812,0.554,0.96,2.98385724025757e-43
"FAM198B",3.44600845061844e-46,-0.0192375664121894,0.313,0.737,6.89201690123688e-43
"MMP14",5.24897904570646e-46,-0.0190219353579434,0.258,0.774,1.04979580914129e-42
"SLC8A1",7.68937151408537e-46,-0.0201249873285885,0.226,0.702,1.53787430281707e-42
"LMCD1",5.35641785635292e-45,0.0262486842160204,0.517,0.895,1.07128357127058e-41
"CCNE2",8.73869972931318e-45,-0.0262628811792612,0.423,0.807,1.74773994586263e-41
"TGFB3",5.02346173940311e-43,-0.0176561506194617,0.236,0.698,1.00469234788062e-39
"CLDN11",1.72338842344681e-42,-0.0213469851121205,0.162,0.269,3.44677684689361e-39
"SLITRK2",4.28396541647787e-42,0.0428637176642435,0.475,0.879,8.56793083295574e-39
"WNT4",5.61243496741969e-42,-0.025366147572924,0.161,0.324,1.12248699348394e-38
"MAOA",3.71357633937108e-41,0.02111218505183,0.408,0.79,7.42715267874216e-38
"SCG3",7.48635473212969e-41,-0.0244469938280185,0.46,0.834,1.49727094642594e-37
"HOXB1",5.10380670721398e-40,-0.0279279616571778,0.187,0.335,1.0207613414428e-36
"F3",1.08131510967965e-39,-0.0121485171805692,0.348,0.766,2.1626302193593e-36
"LIPA",1.15032976002218e-39,-0.0121503259874679,0.504,0.918,2.30065952004436e-36
"GSX1",3.80635521023652e-39,0.061256977064145,0.616,0.995,7.61271042047304e-36
"SOHLH2",6.73975836080041e-39,0.0188189981833285,0.285,0.372,1.34795167216008e-35
"GAL",7.78727398519136e-39,-0.0142544425147933,0.308,0.385,1.55745479703827e-35
"LINC01116",1.13834461687559e-38,-0.0163180538051693,0.245,0.677,2.27668923375118e-35
"NRN1",3.43723464063922e-38,-0.0368566911614111,0.245,0.331,6.87446928127844e-35
"TCEAL7",3.85929775910841e-38,0.0722354071877063,0.62,0.992,7.71859551821682e-35
"HEG1",1.82739223254128e-37,0.0264148581101967,0.2,0.298,3.65478446508257e-34
"IGFN1",1.8416382585429e-37,-0.0132032369306489,0.322,0.771,3.6832765170858e-34
"FMO1",2.37044880906759e-37,0.0112788764944212,0.104,0.583,4.74089761813518e-34
"PARP9",2.78415353208253e-37,0.0115496881713962,0.235,0.684,5.56830706416507e-34
"C1R",3.95684865044641e-37,-0.0220118214952085,0.175,0.638,7.91369730089283e-34
"PPP2R2B",4.99876749621909e-37,-0.0240467787634015,0.426,0.828,9.99753499243818e-34
"FOSL2",1.06990369840503e-36,-0.0141983718909563,0.25,0.698,2.13980739681006e-33
"CELF5",2.73983876524757e-36,0.0169462943113396,0.263,0.354,5.47967753049514e-33
"EPS8L1",3.04984080757109e-35,-0.0245822974742106,0.52,0.915,6.09968161514218e-32
"WNT10B",4.5570459977999e-35,-0.0124204668137923,0.16,0.282,9.1140919955998e-32
"CLDN5",1.01068702260215e-34,0.0603614520834532,0.428,0.801,2.02137404520429e-31
"OAS1",1.53959666734381e-34,0.0353029884896137,0.276,0.717,3.07919333468763e-31
"NRG1",4.0008934269265e-34,0.0264608617563597,0.568,0.961,8.001786853853e-31
"FXYD7",1.19030180800091e-33,-0.0172027717610773,0.335,0.721,2.38060361600182e-30
"ARHGAP29",3.57362883558233e-33,0.0208816459298824,0.386,0.824,7.14725767116465e-30
"SEMA3C",7.47732093094215e-33,-0.0321005663170149,0.171,0.324,1.49546418618843e-29
"PERP",1.02374123942907e-32,-0.0177453110600414,0.289,0.374,2.04748247885814e-29
"NPTX2",1.05555009594386e-32,-0.0485188180831688,0.282,0.356,2.11110019188772e-29
"SLC16A3",2.19329785348929e-32,-0.0266489731491794,0.339,0.708,4.38659570697858e-29
"DES",4.41851620950398e-32,0.018729534744908,0.369,0.783,8.83703241900796e-29
"SCUBE2",5.32759705102188e-32,0.0364823636494445,0.244,0.673,1.06551941020438e-28
"THBS1",6.98795356067991e-32,0.0687412655463051,0.507,0.901,1.39759071213598e-28
"IFIT5",1.13445703572326e-31,0.0489279745714186,0.438,0.891,2.26891407144653e-28
"LGALS3",1.17981894396294e-31,0.0306796400258332,0.276,0.722,2.35963788792588e-28
"FILIP1",3.26335660595697e-30,-0.0128467458566394,0.286,0.698,6.52671321191394e-27
"SERPINE2",5.22997798384082e-30,-0.0102087088325075,0.573,0.922,1.04599559676816e-26
"EYA4",1.13394457340559e-29,0.0219249802454417,0.21,0.284,2.26788914681118e-26
"ALPK2",1.1364599004414e-29,0.0112159956546392,0.409,0.773,2.2729198008828e-26
"MATN3",2.25275921333161e-29,0.0113800579237836,0.217,0.631,4.50551842666321e-26
"PARM1",3.17683077657342e-29,-0.0223687158041268,0.211,0.637,6.35366155314684e-26
"TNNT2",3.95643538339784e-29,-0.0125353572208652,0.261,0.679,7.91287076679569e-26
"NEUROD4",5.74135378025094e-29,-0.0285337663047741,0.29,0.675,1.14827075605019e-25
"ZNF804A",8.53932937873201e-29,-0.0153027989621597,0.171,0.351,1.7078658757464e-25
"RNF152",8.56539453912534e-29,0.0172884865265507,0.309,0.71,1.71307890782507e-25
"LGI1",1.01255162530536e-28,-0.0193166637537991,0.293,0.385,2.02510325061072e-25
"XAF1",1.42142126799902e-28,0.0111947878218392,0.189,0.301,2.84284253599804e-25
"CDH6",1.50776172123257e-28,-0.0180884826256512,0.286,0.373,3.01552344246515e-25
"CRIP1",2.1263352588565e-28,-0.0565814798887959,0.242,0.383,4.252670517713e-25
"GRAMD2B",2.14996552760986e-28,0.0100727044079486,0.287,0.734,4.29993105521972e-25
"TNIK",2.38253754616643e-28,0.0310800522326189,0.356,0.794,4.76507509233285e-25
"CLSTN2",2.61725976036244e-28,0.0114414709601286,0.197,0.333,5.23451952072489e-25
"KCNK6",3.63313899924175e-28,-0.0294183650019486,0.39,0.793,7.2662779984835e-25
"COL8A2",6.01140986147903e-28,-0.0142423773301144,0.106,0.22,1.20228197229581e-24
"AEBP1",6.99198078035484e-28,-0.0113691077715108,0.322,0.737,1.39839615607097e-24
"CP",8.07822341007439e-28,0.0487569723931969,0.592,0.995,1.61564468201488e-24
"SAMD9",1.40959434119428e-27,0.0257418991643282,0.266,0.687,2.81918868238857e-24
"CD74",1.43242847837793e-27,-0.0103794745365838,0.163,0.306,2.86485695675587e-24
"TMEM173",3.75099803870006e-27,0.0250320959544844,0.155,0.64,7.50199607740012e-24
"MAP1LC3A",3.81662699859896e-27,0.012071555417967,0.354,0.745,7.63325399719792e-24
"TGFB2",4.11737737475813e-27,0.0782756399919036,0.301,0.743,8.23475474951626e-24
"GRIN2A",4.79222528707112e-27,-0.0192748029421523,0.173,0.349,9.58445057414224e-24
"OTX2",7.87970685420226e-27,-0.0563694335463512,0.147,0.623,1.57594137084045e-23
"CAVIN3",9.52199695555725e-27,-0.0209447754593516,0.131,0.314,1.90439939111145e-23
"ADRA2C",1.46784034518296e-26,-0.0216223303747866,0.194,0.273,2.93568069036593e-23
"LZTS1",1.51687081705697e-26,-0.0338585335970024,0.288,0.695,3.03374163411394e-23
"PENK",1.6912443626194e-26,0.023607086420795,0.256,0.672,3.38248872523881e-23
"HHIP",6.12366174018417e-26,-0.0128492942024741,0.345,0.438,1.22473234803683e-22
"SLC2A3",7.58521068697783e-26,0.0518070179222639,0.583,0.952,1.51704213739557e-22
"DMD",9.47721026472932e-26,-0.0480439220802397,0.306,0.695,1.89544205294586e-22
"GRID2",1.04098022883732e-25,-0.0104205995216328,0.385,0.744,2.08196045767464e-22
"TMEFF2",1.9631400908982e-25,-0.017629878342417,0.292,0.662,3.9262801817964e-22
"ATF3",3.03319657994444e-25,-0.0178861256104054,0.476,0.786,6.06639315988888e-22
"SALL1",3.78484286294665e-25,0.0496160788943696,0.552,0.915,7.5696857258933e-22
"MX1",4.70279809270563e-25,0.0873714556112781,0.199,0.637,9.40559618541125e-22
"NXPH4",6.06644707593762e-25,-0.0205369809763406,0.21,0.618,1.21328941518752e-21
"SP110",1.32336859110945e-24,0.0183189601911964,0.284,0.683,2.64673718221891e-21
"PEG3",2.46071832654237e-24,-0.0275715499997372,0.301,0.413,4.92143665308473e-21
"SOCS3",2.85572191252296e-24,0.0421285177810142,0.47,0.906,5.71144382504593e-21
"C1QL1",3.30076202815288e-24,-0.0101213775073426,0.404,0.748,6.60152405630576e-21
"CCDC140",3.76304029782722e-24,0.0388680347806697,0.634,0.993,7.52608059565444e-21
"CITED1",4.36183844199502e-24,0.0181752672028288,0.311,0.719,8.72367688399005e-21
"MAGEA4",5.1522490428208e-24,0.0126292275103389,0.13,0.616,1.03044980856416e-20
"PCDH17",5.93003686395506e-24,0.0604925869710259,0.48,0.841,1.18600737279101e-20
"CARD16",6.59507188678075e-24,-0.0115887185000635,0.29,0.689,1.31901437735615e-20
"SHISA9",7.42851904007394e-24,-0.0138279925153289,0.283,0.422,1.48570380801479e-20
"DLL1",7.58030133368835e-24,-0.0108809858426512,0.564,0.907,1.51606026673767e-20
"HIST1H2BF",9.44633076348817e-24,-0.0159040364337139,0.347,0.724,1.88926615269763e-20
"WWTR1",9.95199118073472e-24,0.01165067295071,0.432,0.81,1.99039823614694e-20
"POU3F4",1.07913622089194e-23,-0.0137358179796306,0.578,0.972,2.15827244178387e-20
"LIF",1.60039845971313e-23,-0.0182444673583783,0.436,0.76,3.20079691942625e-20
"CDC45",1.93458681589189e-23,0.0594759343516432,0.353,0.418,3.86917363178379e-20
"PROX1",5.99588899705332e-23,0.0292396675195842,0.343,0.692,1.19917779941066e-19
"FBLIM1",6.40126742068748e-23,0.0293761902530839,0.313,0.717,1.2802534841375e-19
"COL11A1",1.60799846834511e-22,0.0542420616770012,0.477,0.865,3.21599693669021e-19
"INSM1",1.80099758629917e-22,-0.0370162064843727,0.426,0.753,3.60199517259833e-19
"PRICKLE1",3.23773027203268e-22,-0.0126762238972352,0.208,0.294,6.47546054406537e-19
"DUSP4",5.53284182136605e-22,-0.0167600132900622,0.269,0.398,1.10656836427321e-18
"JUNB",6.14937098290525e-22,0.0254266396510987,0.424,0.804,1.22987419658105e-18
"LAMP5",6.74880412851165e-22,-0.0207118905480125,0.295,0.398,1.34976082570233e-18
"ROBO2",9.36579517742232e-22,0.0376718327290014,0.188,0.328,1.87315903548446e-18
"TENM2",1.0025868768182e-21,0.0339023352970941,0.579,0.913,2.0051737536364e-18
"AQP1",1.31815601750128e-21,-0.0104293764855977,0.292,0.385,2.63631203500255e-18
"MVP",2.10710276571702e-21,0.0112230954251073,0.238,0.643,4.21420553143405e-18
"ACTC1",2.7229457040298e-21,0.0386034362436798,0.374,0.731,5.44589140805959e-18
"EEF1A2",2.82205177534303e-21,0.03209646422685,0.443,0.779,5.64410355068605e-18
"FABP7",4.3862507049826e-21,-0.0240481896549804,0.582,0.916,8.7725014099652e-18
"MYLK",6.00233109043165e-21,0.0228923131471136,0.533,0.889,1.20046621808633e-17
"PDE1A",8.78603419264214e-21,0.0487698533236693,0.389,0.795,1.75720683852843e-17
"LY6H",1.04354348164364e-20,0.0111820946770828,0.377,0.713,2.08708696328727e-17
"MEOX2",1.19226190800188e-20,0.0162214807683886,0.093,0.571,2.38452381600376e-17
"SHISA3",1.26969910981626e-20,-0.0179386078244876,0.253,0.637,2.53939821963251e-17
"CXCL14",1.27296937729662e-20,0.0210309901484391,0.235,0.65,2.54593875459324e-17
"HIST2H2BF",1.30381074978407e-20,-0.0112029990284782,0.44,0.789,2.60762149956814e-17
"NTM",1.53590180280851e-20,-0.0144578240728247,0.263,0.38,3.07180360561703e-17
"KLF4",1.95206090424432e-20,-0.0615546954683132,0.274,0.398,3.90412180848865e-17
"IFITM1",2.69047584428611e-20,0.0370989368174602,0.265,0.645,5.38095168857222e-17
"IFIT1",2.86894079567907e-20,0.0501953923800358,0.439,0.843,5.73788159135814e-17
"TES",4.24112345895154e-20,-0.02072009197686,0.316,0.712,8.48224691790308e-17
"PAK3",1.42604101633664e-19,0.0120733539017712,0.501,0.818,2.85208203267329e-16
"LINGO1",2.16816203882582e-19,-0.0628978872610008,0.35,0.419,4.33632407765163e-16
"LRP1",2.36625797437132e-19,-0.0455729166391616,0.46,0.821,4.73251594874263e-16
"NKD2",3.13594788883761e-19,-0.0300639789522162,0.276,0.653,6.27189577767521e-16
"TTN",4.59534300848775e-19,-0.0722713128890875,0.422,0.79,9.19068601697549e-16
"MYL9",5.32211076651857e-19,0.0650123935648148,0.484,0.856,1.06442215330371e-15
"PGM2L1",5.75857578777163e-19,-0.0163969708429069,0.523,0.837,1.15171515755433e-15
"CACNA2D1",8.64227905258354e-19,-0.0158015641138042,0.198,0.358,1.72845581051671e-15
"MT1X",9.47145810849269e-19,0.0654641973945166,0.357,0.444,1.89429162169854e-15
"EVA1B",1.09890510080734e-18,-0.0188879258240966,0.394,0.789,2.19781020161467e-15
"SNED1",1.39189900967146e-18,0.0113006106132967,0.364,0.727,2.78379801934291e-15
"DKK2",2.10613106240418e-18,-0.0204242101433479,0.208,0.625,4.21226212480836e-15
"EGFLAM",2.95509587346698e-18,0.0198559644152308,0.102,0.568,5.91019174693395e-15
"CDH11",3.12380745976606e-18,0.0142460179097951,0.341,0.4,6.24761491953211e-15
"NPY",4.28978119916945e-18,-0.0110516657373584,0.276,0.647,8.57956239833889e-15
"CFI",4.55051107332763e-18,0.0341408576939692,0.27,0.673,9.10102214665526e-15
"DNAJC15",5.1061000701143e-18,0.0694593255262454,0.483,0.867,1.02122001402286e-14
"CDKN1C",9.18787191355038e-18,-0.0985118751818138,0.556,0.886,1.83757438271008e-14
"AC097478.1",9.24165575673465e-18,-0.0175885484232307,0.337,0.466,1.84833115134693e-14
"CA8",1.03160682803586e-17,-0.0132619254054281,0.43,0.774,2.06321365607172e-14
"CYP26A1",1.34821632574027e-17,0.13424527012312,0.626,0.92,2.69643265148054e-14
"PRSS35",1.37174536400613e-17,0.0186319807683809,0.589,0.961,2.74349072801225e-14
"VASN",1.79983855727621e-17,-0.0174595209149372,0.282,0.657,3.59967711455243e-14
"NEB",2.92094024715526e-17,0.0220977378783341,0.226,0.325,5.84188049431051e-14
"PLA2G16",3.69840373722136e-17,0.0262763366103244,0.454,0.836,7.39680747444273e-14
"OLFM1",5.30391686051252e-17,0.0145797081719947,0.442,0.765,1.0607833721025e-13
"DTX3L",7.7016887447146e-17,0.0328853032004537,0.213,0.597,1.54033774894292e-13
"DLL3",1.13136897133399e-16,-0.0500801575175132,0.34,0.695,2.26273794266798e-13
"SYNM",1.28030238167284e-16,0.0163256240962181,0.231,0.618,2.56060476334568e-13
"ENPP2",1.40120382948445e-16,0.0516276651677072,0.589,0.919,2.8024076589689e-13
"RAB31",1.56524189436002e-16,0.0299442317060875,0.576,0.91,3.13048378872004e-13
"CXCL6",2.80293412878389e-16,0.0108728168720588,0.26,0.623,5.60586825756777e-13
"LYPD6B",3.56960665434696e-16,0.019172278553994,0.199,0.593,7.13921330869392e-13
"LBH",3.63742612735547e-16,-0.0336993475645435,0.316,0.681,7.27485225471095e-13
"TDO2",4.43190418508145e-16,0.0313187588214235,0.263,0.656,8.8638083701629e-13
"SAMHD1",5.08113813367016e-16,0.0188158951473842,0.285,0.671,1.01622762673403e-12
"OLFML3",5.50358608055518e-16,-0.0194599284638976,0.194,0.59,1.10071721611104e-12
"NAV3",5.90859376920377e-16,0.0308614854693818,0.218,0.338,1.18171875384075e-12
"OSR1",6.0017497689812e-16,0.0122849790963548,0.154,0.346,1.20034995379624e-12
"ADM",1.11252925441857e-15,0.0106288767571701,0.237,0.593,2.22505850883715e-12
"LRP2",1.26205787854487e-15,-0.0298295691649591,0.316,0.417,2.52411575708973e-12
"INA",2.08982019438197e-15,-0.0209190791121857,0.449,0.75,4.17964038876394e-12
"PAPSS2",2.1504661241551e-15,-0.0102002987912705,0.286,0.612,4.30093224831021e-12
"PRKCB",2.43477229633984e-15,0.0222968272294862,0.415,0.81,4.86954459267968e-12
"SSUH2",2.56282023472455e-15,-0.0179242146103704,0.221,0.407,5.12564046944911e-12
"GSN",2.59815660475535e-15,-0.0171293833001514,0.408,0.745,5.19631320951069e-12
"SLIT3",3.24212235240816e-15,0.0301084997575489,0.218,0.621,6.48424470481632e-12
"DDB2",3.42319521448341e-15,-0.0175796795376995,0.473,0.515,6.84639042896682e-12
"DCLK1",3.79420033181359e-15,-0.0172978724976002,0.455,0.802,7.58840066362718e-12
"EPHB1",9.16375876898032e-15,0.0144308172696054,0.603,0.942,1.83275175379606e-11
"COL1A2",1.27819811967278e-14,0.0594851057274735,0.433,0.802,2.55639623934557e-11
"CD70",1.44273892891139e-14,-0.0576576920825253,0.403,0.479,2.88547785782278e-11
"CLDN6",1.61959719979517e-14,-0.0130358313379543,0.329,0.69,3.23919439959034e-11
"UPP1",1.68706633710427e-14,0.0594113542861619,0.531,0.904,3.37413267420854e-11
"SEMA3B",2.01886062646863e-14,0.018768259791997,0.163,0.262,4.03772125293725e-11
"AL139246.5",2.42694652359008e-14,-0.0199638635081038,0.55,0.837,4.85389304718016e-11
"RAB38",2.63142229032604e-14,-0.0131973166841074,0.17,0.308,5.26284458065208e-11
"PYCR1",3.29754883527437e-14,0.0927641051471407,0.44,0.492,6.59509767054875e-11
"GRN",3.7176167525477e-14,-0.0557399604713811,0.525,0.855,7.43523350509541e-11
"RASSF4",3.82514903655438e-14,0.0436224166273434,0.356,0.468,7.65029807310877e-11
"MSC",4.20600592474584e-14,0.019146375768264,0.143,0.585,8.41201184949169e-11
"OLFML2B",4.64869596802108e-14,0.0272729502877964,0.319,0.669,9.29739193604217e-11
"APCDD1",4.73926971562211e-14,-0.0361662224213335,0.403,0.764,9.47853943124422e-11
"PLAT",5.38987465964548e-14,-0.021768514247417,0.318,0.676,1.0779749319291e-10
"HIST1H3F",5.54907991219219e-14,-0.0127499812711551,0.361,0.662,1.10981598243844e-10
"UNC5C",6.18194464409524e-14,0.0290858913748619,0.372,0.468,1.23638892881905e-10
"KDR",6.78157679529484e-14,-0.0136517365060193,0.294,0.694,1.35631535905897e-10
"DIO3",7.25515651950658e-14,0.0262441106679937,0.386,0.708,1.45103130390132e-10
"FST",7.64763247219477e-14,-0.0543564113627766,0.349,0.454,1.52952649443895e-10
"REG3G",9.1902398061288e-14,0.0113166480635193,0.204,0.604,1.83804796122576e-10
"AC245595.1",1.0792800689423e-13,-0.0140152655207263,0.427,0.76,2.1585601378846e-10
"DDX60",1.39122160935775e-13,0.0416360209255571,0.227,0.59,2.7824432187155e-10
"ITGA8",2.08888178110813e-13,-0.0171113773534336,0.303,0.667,4.17776356221626e-10
"TFAP2A",3.34090169793438e-13,-0.051784662850454,0.238,0.389,6.68180339586877e-10
"TMEM38A",3.76651907481833e-13,0.0103392939831566,0.269,0.624,7.53303814963666e-10
"SIX1",3.87497488542202e-13,0.0310173560153509,0.237,0.364,7.74994977084405e-10
"HIST1H3B",3.90871939641716e-13,-0.0471006794273195,0.482,0.784,7.81743879283433e-10
"TRIB3",4.55009248100568e-13,-0.0210337198894668,0.352,0.68,9.10018496201135e-10
"CDH3",5.89960081362597e-13,-0.0140425592250455,0.246,0.644,1.17992016272519e-09
"SGK1",6.58287793606138e-13,0.0109681649927266,0.147,0.316,1.31657558721228e-09
"NEXN",6.85281885645104e-13,0.0395982139260267,0.311,0.675,1.37056377129021e-09
"PRNP",8.07181709125297e-13,-0.0114374887236684,0.282,0.64,1.61436341825059e-09
"PURPL",9.95864265016427e-13,-0.0178139994596378,0.426,0.5,1.99172853003285e-09
"ERBB4",1.15021353759643e-12,0.0176893677634975,0.536,0.835,2.30042707519287e-09
"PCGF5",1.43685076894416e-12,0.026753075666798,0.613,0.929,2.87370153788832e-09
"COPZ2",1.49672411766339e-12,0.0163302489218615,0.307,0.667,2.99344823532678e-09
"WNT5B",1.50838859723257e-12,-0.0313900068906061,0.164,0.54,3.01677719446514e-09
"HIST1H2AL",1.70397596359063e-12,0.024808899462825,0.455,0.528,3.40795192718126e-09
"DACT2",2.08444111579295e-12,0.028423220075934,0.158,0.515,4.1688822315859e-09
"DDX58",2.7606152206444e-12,0.0128312488748494,0.272,0.61,5.5212304412888e-09
"NEUROG1",3.03260670936251e-12,-0.0151881715596153,0.302,0.455,6.06521341872502e-09
"THY1",3.14466648512304e-12,-0.0683488617546503,0.44,0.713,6.28933297024608e-09
"BMP4",3.48594337839634e-12,-0.0208410015487874,0.225,0.592,6.97188675679269e-09
"ANKRD45",4.00314502491715e-12,0.0132438161635242,0.391,0.697,8.00629004983429e-09
"EFNA5",4.2131771592038e-12,0.0517743541322928,0.292,0.398,8.4263543184076e-09
"LSR",4.35630848467439e-12,-0.0410321697316908,0.276,0.427,8.71261696934878e-09
"SOCS1",7.08490424617365e-12,0.0101220850403789,0.224,0.602,1.41698084923473e-08
"PMEL",7.8303073101308e-12,-0.0234872810669238,0.411,0.689,1.56606146202616e-08
"GXYLT2",1.07067578392864e-11,-0.012884636756896,0.199,0.328,2.14135156785729e-08
"ACKR3",1.10357708720926e-11,0.0720956532125822,0.671,0.969,2.20715417441851e-08
"PLSCR1",1.1314916260482e-11,0.0271086025234897,0.383,0.73,2.2629832520964e-08
"LPP",1.2077489831329e-11,-0.0759577560442447,0.492,0.799,2.4154979662658e-08
"TWIST1",1.29761266024122e-11,-0.0197929591122376,0.3,0.424,2.59522532048244e-08
"STC2",1.4414669639774e-11,-0.0281938888216284,0.247,0.401,2.88293392795479e-08
"TUBA1B",1.50789510049169e-11,0.0947928584417328,1,1,3.01579020098338e-08
"PMP22",1.98068046467447e-11,0.021442103821055,0.275,0.646,3.96136092934894e-08
"SLC7A8",2.4080273182327e-11,-0.0256231609225338,0.149,0.344,4.8160546364654e-08
"MIR503HG",2.83107927290453e-11,-0.0184279981791384,0.288,0.635,5.66215854580906e-08
"PLXDC2",2.87340064543186e-11,0.0192871764982173,0.414,0.759,5.74680129086371e-08
"KIF5A",2.99024734547069e-11,0.021335702725734,0.446,0.741,5.98049469094137e-08
"PDLIM4",3.17651896858505e-11,0.0428417245115414,0.401,0.761,6.35303793717009e-08
"KLHDC8B",3.299745849114e-11,-0.0220029823075403,0.359,0.467,6.59949169822799e-08
"OTX1",3.85663536509945e-11,-0.0186651454577671,0.289,0.429,7.71327073019889e-08
"LGI2",3.94412460075793e-11,0.0100420228298882,0.338,0.656,7.88824920151586e-08
"MCM10",4.21176434500827e-11,0.100049293047432,0.598,0.631,8.42352869001654e-08
"DDIT4",6.57117347674902e-11,-0.0771532015809016,0.61,0.873,1.3142346953498e-07
"NPAS3",8.40040655369407e-11,0.0349085807760097,0.587,0.928,1.68008131073881e-07
"CD3EAP",8.48903375502803e-11,0.072410778431635,0.345,0.452,1.69780675100561e-07
"DKK3",8.75713777878131e-11,0.0242882282992622,0.464,0.785,1.75142755575626e-07
"VLDLR",1.09969633936357e-10,0.0190954158067884,0.191,0.355,2.19939267872713e-07
"PRKCG",1.20051417858121e-10,-0.019235394446369,0.369,0.666,2.40102835716241e-07
"LTBP1",1.3041222807171e-10,0.0771340058218206,0.439,0.532,2.60824456143419e-07
"TEX15",1.46198682834648e-10,-0.0162570644268202,0.332,0.653,2.92397365669295e-07
"GABRB3",1.66211478969216e-10,-0.0171142610028641,0.493,0.535,3.32422957938433e-07
"CHI3L1",1.66722573424945e-10,-0.0140435600621618,0.19,0.37,3.3344514684989e-07
"SLC9A3R1",1.72784029493378e-10,-0.0858106715658017,0.552,0.807,3.45568058986757e-07
"MAPT",1.7881230190704e-10,-0.0104081223631999,0.359,0.671,3.5762460381408e-07
"TGFBI",1.9133877206302e-10,0.0576808962267506,0.229,0.598,3.82677544126039e-07
"PDE5A",2.02896365066677e-10,0.0208681360011461,0.311,0.672,4.05792730133355e-07
"P4HA1",2.0686345099557e-10,-0.011581296857106,0.499,0.807,4.1372690199114e-07
"FBLN2",2.22860152363467e-10,-0.0131977562000976,0.329,0.649,4.45720304726934e-07
"KIF4A",3.23051918716306e-10,0.155430194322234,0.744,0.753,6.46103837432611e-07
"CYP1B1",3.41401708094368e-10,-0.0401488359753456,0.352,0.486,6.82803416188736e-07
"ZBTB20",3.66283385430635e-10,0.020546586984709,0.55,0.813,7.3256677086127e-07
"CASZ1",3.85050134427438e-10,-0.0174181118244713,0.357,0.469,7.70100268854876e-07
"SPRR2F",3.98906903443376e-10,-0.0119885052821431,0.329,0.506,7.97813806886752e-07
"CBFA2T2",5.96545214532817e-10,-0.0219027706178859,0.382,0.688,1.19309042906563e-06
"FAM171B",6.37421640890398e-10,0.0176384835641514,0.245,0.398,1.2748432817808e-06
"DSP",6.38152330267972e-10,-0.148207306990738,0.25,0.389,1.27630466053594e-06
"HSPA4L",6.82383047846891e-10,-0.0277494485895435,0.62,0.891,1.36476609569378e-06
"CDH7",7.97639684002806e-10,-0.0237281625917269,0.14,0.347,1.59527936800561e-06
"SLCO3A1",8.36720516792569e-10,0.0226193798409073,0.43,0.73,1.67344103358514e-06
"MYH3",8.57688971744898e-10,0.0170844617928092,0.335,0.469,1.7153779434898e-06
"NPNT",1.06763723782053e-09,-0.0202827935794141,0.373,0.675,2.13527447564105e-06
"LIMA1",1.08802715471458e-09,0.0176611016809502,0.556,0.884,2.17605430942916e-06
"ZCCHC24",1.12811730147965e-09,-0.0170202638306822,0.239,0.595,2.25623460295931e-06
"THSD4",1.19130720562716e-09,0.0148588143123174,0.117,0.354,2.38261441125432e-06
"VEGFD",1.27993045324736e-09,0.0172052530162428,0.209,0.582,2.55986090649472e-06
"SLIT2",1.41902079779976e-09,0.0665395314994946,0.345,0.698,2.83804159559952e-06
"RPRML",1.48671202718532e-09,-0.0206370101430496,0.607,0.951,2.97342405437064e-06
"MAB21L2",1.51559961028353e-09,-0.0167687180845253,0.227,0.569,3.03119922056706e-06
"TENT5A",1.70071262918821e-09,-0.0108863662172875,0.178,0.398,3.40142525837643e-06
"EPHA4",1.78063948361502e-09,0.0258824747794021,0.636,0.912,3.56127896723004e-06
"BFSP2",1.92634679361515e-09,-0.0322812158298759,0.282,0.47,3.85269358723031e-06
"SNCG",2.09682879744213e-09,-0.0107041729101416,0.231,0.436,4.19365759488426e-06
"MIAT",2.28499505871032e-09,-0.0784087778133168,0.663,0.953,4.56999011742063e-06
"PLPP3",2.31808964386398e-09,0.0337749437366954,0.459,0.776,4.63617928772795e-06
"AC004540.2",2.34159990835046e-09,-0.0190596535161188,0.43,0.698,4.68319981670092e-06
"SYT1",2.59621755205404e-09,0.0111093622207382,0.343,0.488,5.19243510410809e-06
"HLA-A",2.73782069425371e-09,-0.0513441943176384,0.252,0.414,5.47564138850743e-06
"ASNS",2.76000027640396e-09,-0.0275516848930628,0.361,0.501,5.52000055280793e-06
"STMN2",2.78266851594887e-09,0.0530827702028092,0.4,0.518,5.56533703189775e-06
"LITAF",2.84937509778194e-09,0.0598563299691695,0.453,0.783,5.69875019556388e-06
"HOXC5",3.68313558544192e-09,-0.0280386104312643,0.134,0.329,7.36627117088384e-06
"TUBB4A",3.82508948938638e-09,-0.0262811929287808,0.247,0.439,7.65017897877277e-06
"CSTA",3.87777112691595e-09,-0.0100907236633752,0.258,0.611,7.7555422538319e-06
"PIF1",3.89372554946443e-09,0.0331279350387516,0.675,0.938,7.78745109892886e-06
"MYLPF",4.2697167101276e-09,-0.0243064703559875,0.512,0.798,8.53943342025519e-06
"PCDH10",4.49990513629951e-09,-0.0188782434172942,0.324,0.629,8.99981027259902e-06
"SMOC2",4.84029638651730e-09,0.0628829176479002,0.248,0.605,9.68059277303459e-06
"TSPO",5.11231426636212e-09,0.0276225911436287,0.498,0.792,1.02246285327242e-05
"RAB32",5.19615265764838e-09,0.0407166669780724,0.668,0.96,1.03923053152968e-05
"PCDH9",6.05353152323649e-09,0.0395470333684951,0.219,0.355,1.2107063046473e-05
"GSG1L",6.22075890436573e-09,0.0315693970444124,0.205,0.431,1.24415178087315e-05
"TKTL1",6.48232555953386e-09,0.0596293706427741,0.684,0.997,1.29646511190677e-05
"ONECUT2",7.19615697347507e-09,-0.0638656758813844,0.374,0.506,1.43923139469501e-05
"GAS2L3",7.75212606438928e-09,0.0405398341016757,0.686,0.986,1.55042521287786e-05
"PKP2",1.01922101833937e-08,-0.0155848991910417,0.384,0.696,2.03844203667873e-05
"DSC3",1.02405121552548e-08,-0.0198698741788982,0.149,0.35,2.04810243105096e-05
"HIST1H2AC",1.04269832597465e-08,0.0279480652781305,0.461,0.77,2.08539665194931e-05
"FZD7",1.04788435772862e-08,0.0111961759974766,0.621,0.874,2.09576871545724e-05
"FAM181A",1.07918825633762e-08,-0.028022295611131,0.681,0.989,2.15837651267525e-05
"ARMCX2",1.1505797474188e-08,0.0342176857777376,0.418,0.744,2.30115949483761e-05
"DLX5",1.34577008176595e-08,-0.0143703253066096,0.192,0.434,2.69154016353191e-05
"CDCA2",1.35006840862141e-08,-0.0579787329202298,0.646,0.888,2.70013681724283e-05
"C1QTNF7",1.36262460245981e-08,0.0156268431860389,0.229,0.604,2.72524920491962e-05
"OAS2",1.42774827300128e-08,0.011953332464908,0.202,0.569,2.85549654600256e-05
"ZFP36L1",1.50578829538921e-08,0.160612986421023,0.905,0.938,3.01157659077842e-05
"FOSL1",1.63262871451107e-08,-0.0196661378385926,0.234,0.418,3.26525742902213e-05
"A2M",1.89013622961245e-08,0.203521835231372,0.429,0.833,3.78027245922489e-05
"LIFR",2.79279191931622e-08,0.036018612044535,0.337,0.665,5.58558383863243e-05
"RPRM",3.39979762564124e-08,-0.0364663593737016,0.388,0.65,6.79959525128249e-05
"TNC",3.53652889915399e-08,0.0118086208367688,0.288,0.634,7.07305779830798e-05
"LINC00461",4.08381277075403e-08,0.0747665163953498,0.647,0.941,8.16762554150805e-05
"HOXB8",5.34729454815836e-08,0.0121921320761674,0.203,0.545,0.000106945890963167
"HS3ST1",5.35703530878483e-08,-0.019699278228107,0.179,0.392,0.000107140706175697
"TK1",5.41387247212101e-08,-0.0468903573045281,0.621,0.875,0.00010827744944242
"IGF2.1",5.48072752872061e-08,-0.0249700165756298,0.213,0.371,0.000109614550574412
"KCNMA1",5.92844864081893e-08,0.0110571590354044,0.189,0.574,0.000118568972816379
"ATP1A2",6.65762267045619e-08,-0.0191590087369684,0.229,0.432,0.000133152453409124
"NID2",6.67505228965556e-08,-0.0414061652901908,0.166,0.326,0.000133501045793111
"AHR",6.68873677734646e-08,-0.0356620248888136,0.194,0.509,0.000133774735546929
"GATA6-AS1",6.91879870994563e-08,-0.0192640753315719,0.215,0.465,0.000138375974198913
"FADS1",7.66601214671905e-08,0.157870756377079,0.922,0.944,0.000153320242934381
"TRH",1.03809874316486e-07,-0.0192461124062913,0.152,0.373,0.000207619748632972
"HOXB9",1.31080035640862e-07,0.0187345449940689,0.191,0.389,0.000262160071281724
"GDF10",1.36312180014354e-07,0.0122776591367493,0.243,0.586,0.000272624360028708
"VASH2",1.38153191768552e-07,0.0129521433210496,0.241,0.411,0.000276306383537104
"TPBG",1.48128914238607e-07,-0.0510117952625685,0.372,0.668,0.000296257828477214
"GSTO1",1.69285597286889e-07,0.0164396750581245,0.588,0.907,0.000338571194573778
"RAB11FIP1",1.80527709507162e-07,0.0156521660164586,0.383,0.498,0.000361055419014324
"PDLIM1",1.82515054492742e-07,0.0465277751492337,0.581,0.898,0.000365030108985483
"BTG2",1.96729780488201e-07,0.029308831128379,0.47,0.583,0.000393459560976401
"LUM",1.97493828748635e-07,-0.015143067344203,0.434,0.744,0.000394987657497271
"JOSD2",2.5242399163876e-07,-0.0278230104756336,0.315,0.632,0.00050484798327752
"ENC1",2.52490728750623e-07,-0.0145881217207849,0.64,0.898,0.000504981457501246
"SLC1A2",2.80703267428643e-07,-0.0280722173174429,0.301,0.46,0.000561406534857285
"PTN",2.85968021245348e-07,0.148749475542064,0.988,0.999,0.000571936042490697
"FGFBP3",3.0574287634682e-07,0.163385734746026,0.932,0.985,0.000611485752693639
"DBNDD1",3.5633344779967e-07,0.0178155760304973,0.386,0.689,0.000712666895599341
"CDKN2A",3.85088019727164e-07,0.0396473440060755,0.27,0.598,0.000770176039454327
"MMP23B",3.97597540302085e-07,0.010171667664211,0.188,0.371,0.00079519508060417
"LAPTM4A",4.71067408685229e-07,-0.076996049966482,0.628,0.876,0.000942134817370458
"IGFBP5",4.80432438035975e-07,-0.114775220275297,0.49,0.751,0.000960864876071951
"H2AFX",5.12335335720858e-07,0.138926142541498,0.944,0.963,0.00102467067144172
"FDXR",5.40041466761794e-07,-0.026990715950275,0.449,0.533,0.00108008293352359
"HLA-E",5.93279302603867e-07,0.0108081565049878,0.403,0.703,0.00118655860520773
"CYR61",6.26978080582914e-07,0.0615448448646587,0.491,0.784,0.00125395616116583
"MDM2",6.56338993039458e-07,-0.0328322911703831,0.588,0.836,0.00131267798607892
"HEXA",7.11779808427222e-07,0.0560573772818564,0.431,0.547,0.00142355961685444
"TNNC2",1.00721771748881e-06,-0.0242166012942786,0.366,0.631,0.00201443543497763
"PLP2",1.12769076381419e-06,-0.0209258142372308,0.338,0.673,0.00225538152762838
"RFC3",1.27696809203694e-06,-0.0551140691447738,0.697,0.908,0.00255393618407387
"KIF2C",1.38309302997071e-06,0.146019863553988,0.749,0.787,0.00276618605994141
"KLF6",1.45027394889921e-06,-0.0408838397859994,0.475,0.747,0.00290054789779841
"OGN",1.46733732478345e-06,-0.021669923156676,0.202,0.559,0.00293467464956689
"ATP1B1",1.5564283326624e-06,-0.0814673071582743,0.739,0.948,0.0031128566653248
"ZBTB18",1.60362971086033e-06,0.0331387961966206,0.428,0.704,0.00320725942172067
"HIST1H2AH",1.71689472038951e-06,-0.0239677374703404,0.497,0.775,0.00343378944077901
"NUAK1",1.72696396189446e-06,-0.0391724969222524,0.381,0.659,0.00345392792378892
"FBXO32",1.81376411145665e-06,-0.0112138133506181,0.301,0.609,0.0036275282229133
"MEOX1",2.16183550208606e-06,-0.0388481994194081,0.284,0.427,0.00432367100417212
"ANK3",2.17367892354479e-06,-0.0178788884629228,0.49,0.766,0.00434735784708958
"EPHA3",2.21097113096026e-06,0.0192990328627247,0.27,0.431,0.00442194226192053
"FOSB",2.25090909471314e-06,0.0137206010401233,0.318,0.621,0.00450181818942629
"ANXA3",2.33120868747276e-06,-0.0252029763956995,0.279,0.611,0.00466241737494552
"TNFRSF1B",3.0463963104674e-06,0.043438994366577,0.414,0.693,0.0060927926209348
"MGP",3.07377780465218e-06,0.0723114606729381,0.328,0.472,0.00614755560930436
"CNR1",3.18158515118296e-06,0.0289779839835496,0.431,0.718,0.00636317030236591
"HIST1H1A",3.19499337302823e-06,-0.0133593950330591,0.451,0.564,0.00638998674605646
"POU5F1",3.94530701382343e-06,-0.123826008763559,0.27,0.465,0.00789061402764686
"H1F0",4.21836819571784e-06,0.0558942662078832,0.68,0.96,0.00843673639143569
"TNNT1",5.05661906701096e-06,-0.0250178901044436,0.247,0.414,0.0101132381340219
"GSX2",5.24489046453136e-06,-0.0336436346993502,0.147,0.384,0.0104897809290627
"PSRC1",6.0917595108063e-06,0.143548168331285,0.778,0.819,0.0121835190216126
"SULF2",6.09292818510555e-06,-0.025069076452616,0.22,0.404,0.0121858563702111
"SRRM4",6.15624594975741e-06,-0.0580776914049346,0.452,0.698,0.0123124918995148
"CPE",6.33152325467642e-06,0.0188262564139061,0.589,0.856,0.0126630465093528
"GUCY1A1",6.37099617134979e-06,-0.0546105195113032,0.329,0.603,0.0127419923426996
"STXBP6",7.81901876281867e-06,-0.0207489174550027,0.488,0.744,0.0156380375256373
"APOE",8.70085531854957e-06,0.0873072478210609,0.423,0.548,0.0174017106370991
"ANLN",8.80915540224421e-06,-0.048058126228066,0.515,0.765,0.0176183108044884
"FXYD5",8.86573417642738e-06,-0.0498246466727026,0.298,0.496,0.0177314683528548
"PTGR1",9.04899434745049e-06,0.0292102014803445,0.652,0.926,0.018097988694901
"CTNNA2",9.05713936156781e-06,-0.0208314370237538,0.319,0.613,0.0181142787231356
"CLU",1.02982251255935e-05,-0.0676815318570783,0.729,0.954,0.0205964502511869
"PDPN",1.10818255332434e-05,0.0966622458199395,0.766,0.857,0.0221636510664869
"GUCY1A2",1.12594980011652e-05,0.0116280721587688,0.372,0.666,0.0225189960023304
"ZWINT",1.17088241941852e-05,0.116736202477264,0.718,0.772,0.0234176483883704
"PHLDB2",1.21431349735176e-05,0.0358778635187638,0.35,0.498,0.0242862699470352
"UHRF1",1.26709146735849e-05,0.104853074580888,0.669,0.723,0.0253418293471699
"SUPT16H",1.29432604264064e-05,0.105144803399476,0.965,0.972,0.0258865208528127
"HTRA1",1.31870690259657e-05,0.105845318203993,0.483,0.779,0.0263741380519314
"MCM8",1.37310576634105e-05,-0.0326801879388363,0.446,0.715,0.027462115326821
"SEMA3E",1.49085894826976e-05,-0.019074288688126,0.226,0.428,0.0298171789653953
"TMPO",1.91345844716287e-05,0.120416633220164,0.949,0.972,0.0382691689432573
"NFIA",1.99824648278442e-05,-0.0250318350193219,0.242,0.386,0.0399649296556884
"TMTC1",2.02776358797171e-05,0.0186790249941848,0.358,0.516,0.0405552717594343
"REEP1",2.09456939581112e-05,0.0117780850182254,0.223,0.431,0.0418913879162224
"BAX",2.23724116898397e-05,0.138122334072595,0.814,0.867,0.0447448233796793
"WNT7B",2.25519705740713e-05,0.0618317590548234,0.549,0.855,0.0451039411481426
"MSX2",2.31691651933826e-05,0.0599534101717712,0.529,0.608,0.0463383303867652
"DST",2.34396289904404e-05,-0.0424534030858369,0.681,0.917,0.0468792579808809
"FLRT2",2.61357710280917e-05,0.012126777517615,0.258,0.579,0.0522715420561834
"RBFOX3",2.69610220978812e-05,-0.0141420584535883,0.216,0.432,0.0539220441957624
"BACE2",2.96932177696023e-05,0.0279534093638592,0.421,0.685,0.0593864355392046
"PLIN5",2.98324461533101e-05,0.0132685738771541,0.472,0.731,0.0596648923066203
"PRKAA2",3.22161354033827e-05,0.0137722489097261,0.482,0.595,0.0644322708067653
"FBN2",3.26603384060118e-05,-0.0128901806229673,0.546,0.826,0.0653206768120236
"XBP1",3.31178924734226e-05,-0.0458563777871309,0.63,0.849,0.0662357849468452
"CYSTM1",3.41470971468723e-05,0.0531388620054395,0.514,0.608,0.0682941942937446
"GDF15",3.44996741074075e-05,-0.0214960409678159,0.306,0.502,0.0689993482148149
"EDNRA",3.85049766926714e-05,0.0160776367984958,0.221,0.526,0.0770099533853428
"DPPA4",3.90565945900493e-05,-0.010161306400959,0.694,0.96,0.0781131891800986
"RANGAP1",3.98638964180418e-05,-0.024522399277257,0.712,0.922,0.0797277928360837
"CENPV",4.05631486007659e-05,0.11927151644846,0.994,0.998,0.0811262972015319
"SHC1",4.37993958895649e-05,0.0148170374211384,0.422,0.721,0.0875987917791298
"CENPA",4.52006954703291e-05,-0.0575033142666739,0.736,0.932,0.0904013909406583
"CAVIN1",5.80968305509736e-05,0.0123126656057776,0.237,0.562,0.116193661101947
"SERTAD1",6.34290136460242e-05,0.0181511618842729,0.292,0.592,0.126858027292048
"ASPHD1",6.74547633789857e-05,-0.0142702275762879,0.218,0.572,0.134909526757971
"RFLNB",6.82256723377061e-05,0.0181234009095951,0.335,0.505,0.136451344675412
"NPR3",7.20843684930899e-05,0.0207208172222654,0.111,0.343,0.14416873698618
"GRIA1",7.23552428978485e-05,0.0210757970769326,0.341,0.511,0.144710485795697
"SP5",7.38920992707542e-05,-0.017221317267161,0.203,0.425,0.147784198541508
"BIN1",7.43443018491575e-05,0.0444086858909314,0.509,0.797,0.148688603698315
"HOXB5",7.67988365965717e-05,-0.0102336529508397,0.213,0.421,0.153597673193143
"MAFB",7.80296079656586e-05,0.0213530307747751,0.322,0.609,0.156059215931317
"CDC42EP5",8.34700863621132e-05,0.0213741305662045,0.276,0.589,0.166940172724226
"TBX3",9.03911393407346e-05,-0.0163603943534435,0.131,0.498,0.180782278681469
"DTL",9.59292454922447e-05,0.0220125314422831,0.426,0.561,0.191858490984489
"SFPQ",9.88149682000398e-05,0.107075552851167,0.994,0.993,0.19762993640008
"KIF26B",0.000101013380422287,0.0223397758921916,0.331,0.598,0.202026760844574
"BLVRB",0.000105601591373633,0.0232971273840873,0.407,0.716,0.211203182747266
"LAMA4",0.000118431621745447,0.036747654793602,0.356,0.657,0.236863243490893
"PODXL",0.000127960230261709,-0.0538456573749438,0.544,0.769,0.255920460523418
"SMOC1",0.00015130418099342,0.0400889509230986,0.627,0.921,0.30260836198684
"PLTP",0.000158156018006532,-0.0662519588499898,0.644,0.83,0.316312036013064
"HSP90AA1",0.00016000794270591,0.0838393681316996,0.999,1,0.32001588541182
"IGFBP2",0.000163815868691797,-0.15525556181797,0.996,1,0.327631737383595
"NCAM1",0.000164382122098751,-0.0203638225224977,0.389,0.517,0.328764244197502
"CYB5R1",0.000168668370171626,-0.0237331032648298,0.263,0.444,0.337336740343252
"PTX3",0.000172041530404812,0.040426548320157,0.606,0.875,0.344083060809623
"ATP1A3",0.000172990007554113,0.0233817009291252,0.463,0.727,0.345980015108226
"TMEM178A",0.000174971356973205,0.0254731586199223,0.358,0.637,0.34994271394641
"COL4A1",0.00017726676467355,0.0137641007725905,0.583,0.854,0.3545335293471
"TPM4",0.000187798235057442,0.0998922253203285,0.956,0.992,0.375596470114884
"QSOX1",0.000194899538049705,0.0157763468876279,0.306,0.497,0.38979907609941
"LRRC17",0.000197407290460557,0.0378777274842672,0.291,0.475,0.394814580921114
"AC009041.2",0.000198019433593762,0.0197035822161334,0.234,0.446,0.396038867187525
"FBN1",0.000203486345048658,0.0351568182884112,0.346,0.647,0.406972690097316
"NR6A1",0.000214652012369346,-0.0594045464649785,0.73,0.899,0.429304024738692
"MCM5",0.000215828528251024,0.0641286275109584,0.586,0.666,0.431657056502048
"PRKDC",0.000219714870974724,0.0915466783395407,0.985,0.993,0.439429741949448
"TRIM22",0.000237401388976329,0.0132456423347611,0.328,0.628,0.474802777952658
"GYG1",0.000273327063519834,0.0111771659868692,0.47,0.729,0.546654127039668
"SQSTM1",0.000280169872792168,-0.0315086854445339,0.543,0.778,0.560339745584336
"FTH1",0.000288302862229436,-0.0501094672837059,1,1,0.576605724458872
"LGALS3BP",0.000288948612335248,0.0393349150425155,0.293,0.606,0.577897224670496
"ADGRL3",0.000301041018934368,0.055235167246252,0.544,0.646,0.602082037868735
"EPHA7",0.000309546184973692,0.0276391275916182,0.504,0.716,0.619092369947384
"CCPG1",0.000314331260429248,0.0210240520404247,0.446,0.703,0.628662520858496
"CRABP1",0.000320067609580408,-0.185544020655447,0.993,0.997,0.640135219160817
"CHCHD2",0.000331124290163133,0.175063133860043,0.859,0.949,0.662248580326265
"SPATS2L",0.000337843691481296,0.125514548754886,0.578,0.712,0.675687382962593
"KIF23",0.000393159113060366,-0.036860622045804,0.62,0.835,0.786318226120733
"EDNRB",0.000407992857891107,0.0218702138047626,0.647,0.933,0.815985715782214
"LDB3",0.000410473287731212,0.0115977203625828,0.308,0.514,0.820946575462425
"CTSK",0.000422799133480401,0.0183398474549357,0.214,0.409,0.845598266960802
"CCND1",0.000438134163544433,0.14448522569668,0.879,0.927,0.876268327088867
"STK17A",0.000445291105572748,-0.0234241574001185,0.347,0.51,0.890582211145496
"CHRM3",0.000453465148841627,-0.0199408788008392,0.249,0.547,0.906930297683254
"CCBE1",0.000460960471695,0.0248537694988675,0.168,0.421,0.921920943390001
"HMGB1",0.000472961001985699,0.0397475966681586,1,1,0.945922003971397
"MYBPC1",0.000481034612803172,-0.0102142088178969,0.197,0.509,0.962069225606344
"PCDH8",0.00049661227087703,-0.0531026413482251,0.594,0.752,0.993224541754061
"GATA6",0.000501044269941927,-0.0295893138711118,0.179,0.505,1
"KHDRBS3",0.000526523117377073,0.0299583035562895,0.465,0.584,1
"BMP7",0.00053734912297078,0.0508587708370245,0.267,0.453,1
"CKS1B",0.00054363515789188,0.0913943453406971,0.991,0.996,1
"DBF4",0.000572496776292725,0.09343157230549,0.774,0.808,1
"SMC4",0.000572685163157789,0.128796765781739,0.842,0.846,1
"ASPM",0.000575141552936954,0.128291298405394,0.821,0.83,1
"LINC02334",0.00058196183149457,-0.0239097692873378,0.187,0.5,1
"ISLR",0.00063830899999676,0.010258779032837,0.242,0.553,1
"NEK2",0.000649342119706616,0.0177779150553895,0.7,0.932,1
"C21orf58",0.000668690804651669,-0.0215321606260803,0.781,0.975,1
"KPNB1",0.000685565877903966,0.0830397800499747,0.968,0.981,1
"PFKP",0.000732308624909657,-0.0162695390057015,0.427,0.54,1
"SKA3",0.000782634115083066,0.0686058422751756,0.481,0.616,1
"DAAM1",0.000790601214132691,0.107833332204992,0.884,0.979,1
"IKBIP",0.000796961960639575,-0.0388024581294061,0.594,0.804,1
"HNRNPU",0.000833159361967981,0.105002946142864,0.99,0.994,1
"POU2F2",0.000886861333160129,-0.0229039362667804,0.401,0.549,1
"DHCR24",0.00101840139492574,0.0935146710337263,0.753,0.816,1
"VAMP5",0.00104812978734453,0.0333815750346511,0.47,0.735,1
"CCNB1",0.00106586238542162,0.0970958374190292,0.954,0.963,1
"CNTN2",0.00109441420404008,0.0102498444238618,0.257,0.502,1
"MMP2",0.00112178853447276,-0.0130608468845963,0.469,0.711,1
"ARL6IP1",0.00130756992130263,0.102133795678411,0.955,0.979,1
"RAB3B",0.00133749342115276,-0.0542541687479522,0.386,0.529,1
"DLGAP5",0.00133997402423876,0.101462017166188,0.881,0.901,1
"COL6A2",0.00142559800499297,0.0147946424727055,0.286,0.589,1
"RBMS3",0.0014469455619658,-0.020256422144435,0.223,0.4,1
"JUN",0.00145727388228245,0.143177356173902,0.475,0.64,1
"BBC3",0.00155335478383264,-0.0231549756142113,0.375,0.536,1
"HLA-B",0.00157493779077443,0.0554430187826951,0.482,0.604,1
"AL513283.1",0.00159420968924352,0.0112774187907856,0.126,0.415,1
"NKAIN4",0.00159817950992102,0.0527757635043624,0.66,0.944,1
"IFI27L2",0.00163105509986609,-0.0229110541523435,0.651,0.894,1
"HIST1H2BC",0.00165911489589189,-0.0217947716836556,0.315,0.59,1
"COL2A1",0.00170459386093783,-0.0985836305381953,0.695,0.848,1
"TOP2A",0.00173578878408074,0.115075567145836,0.967,0.966,1
"CARMN",0.00174169514925562,-0.0118127806571597,0.211,0.489,1
"CTSL",0.00175227812156068,0.0377691602340381,0.528,0.756,1
"PLAGL1",0.00176676299745429,-0.0481901474581223,0.612,0.799,1
"FLNA",0.00176897307293211,0.0834476661662282,0.804,0.885,1
"TAGLN2",0.00179426874743775,-0.103264496733971,0.396,0.631,1
"VAMP8",0.00185942550165882,0.0141485779063498,0.239,0.547,1
"SLFN5",0.00188398046533458,0.0239162003155283,0.17,0.473,1
"UCHL1",0.00197680031519341,0.0968052287946299,0.909,0.947,1
"HMOX1",0.00199319797930686,-0.0156958901303924,0.282,0.563,1
"SEZ6L2",0.0020218794050203,-0.0123012520576575,0.366,0.547,1
"CTSV",0.00209609558982144,-0.0102114731860007,0.464,0.608,1
"NDUFA4L2",0.00223029281160155,-0.0125459546982789,0.194,0.431,1
"TPX2",0.00224738946013424,0.101661881997333,0.938,0.947,1
"CRMP1",0.00225218663432352,0.0821800944221438,0.888,0.939,1
"HES5",0.0024405363633675,-0.0180356525079031,0.925,0.998,1
"RRAGD",0.00246846783419537,0.0379345226236539,0.507,0.78,1
"FAM83D",0.00247426874531729,-0.0636297862955204,0.626,0.792,1
"ABCA1",0.00248835469117082,-0.0121627996894431,0.411,0.663,1
"ACTA2",0.00255833737769458,-0.015718280265767,0.326,0.491,1
"ELAVL2",0.00257833634511053,-0.0135957446347838,0.52,0.74,1
"GSE1",0.00258888203949021,-0.038857600258985,0.311,0.584,1
"NEFM",0.00265253566584378,0.0457326900024548,0.613,0.85,1
"SERPINH1",0.00276577463326835,-0.0499317242560772,0.718,0.895,1
"MTRNR2L8",0.00279513204181711,0.0235281039477157,0.578,0.669,1
"GADD45B",0.00280152984810915,0.0234446659631417,0.306,0.582,1
"SLC3A2",0.0029668614774326,-0.0727323755491524,0.755,0.908,1
"MELK",0.00297879322424262,0.0355610074880305,0.536,0.634,1
"PRRX1",0.00299000382790025,0.0180882625497878,0.321,0.511,1
"ISYNA1",0.00303885716071541,-0.0766441719941637,0.856,0.953,1
"DCN",0.00311913458792332,0.0250360588632653,0.383,0.524,1
"FEZ1",0.00317661566289042,0.0666276961169171,0.771,0.945,1
"SH3PXD2A",0.0031950166150507,-0.0256890500367234,0.302,0.563,1
"HLA-C",0.00319588076980089,0.125953340892367,0.662,0.824,1
"NNAT",0.00339922755849989,-0.0882033383835575,0.283,0.452,1
"PCBP4",0.00358352917405133,-0.0258589643681486,0.692,0.881,1
"RGMB",0.00368714024423762,0.0353998791494641,0.41,0.67,1
"MYRF",0.00379921924626928,-0.0130530724668368,0.26,0.567,1
"BUB1",0.00398031631951418,-0.0496340376667173,0.66,0.826,1
"COL5A1",0.00409439315878355,0.0197706657123172,0.271,0.562,1
"HIST1H1E",0.00414380566299717,-0.0197235324912748,0.466,0.703,1
"CRYBB1",0.00414796738003184,-0.0533436611287981,0.29,0.568,1
"TMEM88",0.00420793097004009,-0.122203003754143,0.308,0.481,1
"APOL2",0.00422301267592306,0.0358809557396299,0.255,0.547,1
"WNT3A",0.00424990688158074,-0.0131088237455557,0.201,0.431,1
"PCOLCE",0.00432591016007264,-0.0230887817313063,0.342,0.509,1
"ZC3HAV1",0.00472168015160878,0.0547700447354412,0.476,0.738,1
"NES",0.00476492656021999,0.056365496368922,0.967,0.988,1
"NR3C1",0.00482008644072027,0.0141732464962115,0.205,0.508,1
"TPM2",0.00495331748006819,0.098587495212233,0.893,0.982,1
"ID4",0.00496850707400928,0.0713472040998185,0.71,0.956,1
"FBXO5",0.00496884222017039,-0.0622807635641875,0.648,0.805,1
"BBS9",0.00514733829208665,-0.0706368374686182,0.39,0.537,1
"COL18A1",0.00517047898482741,-0.0133434333226727,0.459,0.586,1
"DDIT3",0.00517967929893477,0.0237757586186912,0.308,0.598,1
"OLIG3",0.00533640974668934,-0.101556882133038,0.227,0.461,1
"FZD3",0.00564484494838594,0.0830730094183116,0.948,0.992,1
"NEFH",0.00569273210387836,0.016210992931771,0.232,0.536,1
"PAX6",0.005703777852813,0.0705489353280357,0.834,0.995,1
"CCL2",0.00590325162411821,-0.0272007146178641,0.287,0.575,1
"SESN3",0.00612746453417753,0.0350045104613179,0.504,0.608,1
"DPYSL5",0.00616401188917618,0.0673090283580783,0.819,0.921,1
"ITPR2",0.00623847976866966,-0.0178366799802439,0.343,0.608,1
"CD81",0.00632387719607237,-0.0853271157852151,0.938,0.984,1
"FOXD1",0.00633420572715284,-0.0811772902667769,0.194,0.493,1
"HMGCS1",0.00659657329621158,-0.0869626497092064,0.85,0.959,1
"SLC7A5",0.00659839580783437,-0.0220685514316467,0.438,0.672,1
"TMSB10",0.00668331793575905,-0.0637014993284382,1,1,1
"ATF7IP2",0.0067452924279776,-0.0302346690742642,0.545,0.764,1
"NUCKS1",0.00689995247090686,0.0304195361339401,0.999,1,1
"TTK",0.00704009317630497,-0.0224761659474308,0.669,0.856,1
"ZYX",0.00706522143221537,0.0177936151998334,0.365,0.64,1
"SPHK1",0.00721047274049033,0.0469993404846808,0.562,0.782,1
"CEP55",0.00734335842239732,0.0195291332709376,0.671,0.89,1
"FABP3",0.00754511035133214,-0.018202200744791,0.269,0.495,1
"REC8",0.00765195736949392,-0.0206574848822737,0.385,0.536,1
"ATOH8",0.00779774544728845,0.0594936037148121,0.325,0.511,1
"OLIG1",0.00795899891339462,-0.016390071231561,0.112,0.444,1
"TIMP3",0.00813572381862239,0.0206843598511565,0.192,0.412,1
"CCND2",0.00832261919618447,-0.0949602665254342,0.607,0.747,1
"PGK1",0.00832885598105874,-0.106553337289738,0.861,0.945,1
"TTF2",0.0085962787054766,0.0247186057680221,0.546,0.636,1
"CDC25C",0.00860779299602354,0.0102241295277029,0.61,0.808,1
"IER5L",0.0086486878622984,-0.0382741924948327,0.507,0.715,1
"DSEL",0.00865678821966497,-0.0173654707882629,0.237,0.444,1
"CHD7",0.00897260455234998,0.0937961163691785,0.925,0.962,1
"NPTX1",0.00909557287238832,0.0196100929444735,0.208,0.408,1
"HMGB2",0.0093370738409255,0.0615782436859993,0.991,0.997,1
"SCD",0.00935272092885991,0.0715429202698896,0.889,0.953,1
"MEIS2",0.00947453817340977,0.0879366653109499,0.853,0.909,1
"PTPRZ1",0.00957157961715009,0.070548880392614,0.776,0.973,1
"CST3",0.00977265452252139,-0.0651524212413646,0.869,0.956,1
"S100A4",0.0102342760872076,-0.0384060497075387,0.252,0.47,1
"KIF21A",0.0103676706354673,0.0573992526579972,0.846,0.978,1
"DACH1",0.0106569292751138,0.0811641213361589,0.614,0.722,1
"CDKN1A",0.0108187430152145,-0.0318063411115579,0.322,0.579,1
"HES1",0.0108864198462378,0.0289938789252034,0.509,0.748,1
"IFI35",0.0112134521301717,0.0104998111900652,0.183,0.499,1
"IRX2",0.0114701640155933,-0.0386551651914928,0.819,0.963,1
"PA2G4",0.0117834326517065,0.0564878675584874,0.981,0.99,1
"RGS16",0.0118447961123431,-0.0363196340539305,0.296,0.498,1
"CDH2",0.0119020709605688,0.0541976957182011,0.984,0.998,1
"CALU",0.0119251948291791,-0.0499609740148559,0.888,0.988,1
"NRP1",0.0121630619941706,-0.018591507060085,0.234,0.523,1
"ADAM9",0.012214820443433,0.0407711965103359,0.408,0.582,1
"POU3F3",0.0122304142234428,0.0576780510209211,0.727,0.998,1
"SRGAP3",0.012335950433745,0.0742656723892364,0.826,0.947,1
"CENPF",0.0128918504868694,0.0690524216209485,0.996,0.997,1
"S100A11",0.0128986458913091,0.0324307369345693,0.475,0.628,1
"ZFHX4",0.0129146288799897,0.12072016937308,0.705,0.882,1
"POSTN",0.0134473476063169,-0.0109778835155805,0.3,0.578,1
"TUBB6",0.0141724684047302,0.0983304377559341,0.779,0.915,1
"PCDH18",0.0142112086770988,0.0619979963646455,0.67,0.928,1
"TMEM158",0.0143228798640658,-0.029412184930533,0.414,0.651,1
"ALX4",0.0146620501646787,0.0110471021770728,0.24,0.436,1
"MT-ND1",0.0152606452897642,0.0688533707027412,0.999,1,1
"FOXM1",0.0152725098012321,0.0548070337161681,0.742,0.817,1
"EMP3",0.0154123095644446,0.0122407671831941,0.443,0.576,1
"PEG10",0.015498152339144,-0.0743609333685966,0.948,0.989,1
"NRP2",0.0157031106216047,0.0253128291139146,0.333,0.528,1
"LAYN",0.0157073685600263,0.0237614705928336,0.301,0.619,1
"GPC3",0.0160783260637302,0.0283806189228434,0.59,0.85,1
"CEBPB",0.0161324454853374,-0.0171305670046353,0.311,0.579,1
"LIX1",0.0165164526561118,0.0181287328580685,0.66,0.857,1
"FAT3",0.0165582848129206,-0.0231102752408315,0.515,0.731,1
"HOXC9",0.0166375218833464,0.016784351763499,0.209,0.515,1
"CBLB",0.0167327633885405,0.024275741802896,0.385,0.637,1
"TPM1",0.0168036704902169,0.0150592245194954,0.864,0.914,1
"FN1",0.0170340259666986,-0.0986711475381822,0.541,0.73,1
"IFITM2",0.0173679595759586,0.156651984067564,0.612,0.911,1
"L1TD1",0.0176945369353639,-0.0206304217200836,0.309,0.594,1
"RUNX1T1",0.0178158143195616,-0.0241325627755106,0.229,0.515,1
"MT-ND4",0.0182208457283303,0.0608960766150384,1,1,1
"RACGAP1",0.0183576710194234,-0.0458786115545127,0.581,0.755,1
"CHAF1A",0.0184125660141814,0.0701054239620362,0.726,0.794,1
"DEPDC1",0.0184186899163298,-0.0210489784053033,0.549,0.762,1
"LAMB1",0.0186952602120431,0.0312397453796761,0.299,0.506,1
"CAMK2N1",0.0192052410260137,-0.0219981441400501,0.591,0.808,1
"MT-CO3",0.0193780016157425,0.0566338899160685,1,1,1
"DHFR",0.0199428233755883,0.0498778421968727,0.79,0.84,1
"ADAMTS9",0.0200291067889199,-0.0276300072831468,0.155,0.388,1
"PRPH",0.0200551834195408,-0.0179964231659439,0.247,0.48,1
"SELENOW",0.0206071199655715,-0.0810985032699303,0.907,0.976,1
"MAD2L1",0.0206082404205147,0.055471400563506,0.919,0.924,1
"ECT2",0.0206313021081042,0.123060549991352,0.827,0.92,1
"DNAJC9",0.0216109776419567,0.0720070159377644,0.854,0.903,1
"GLRX",0.021980445012196,0.0223593839396898,0.401,0.658,1
"SEMA5A",0.02222508900699,0.0359394063226824,0.413,0.687,1
"WNT2B",0.0224874344026392,0.0429673100500672,0.274,0.482,1
"CDCA3",0.0227042092240291,0.0436660881587925,0.745,0.782,1
"OGFRL1",0.0238768809127628,-0.0217840086412562,0.247,0.53,1
"FOXB1",0.0239533631094231,0.0528951123339763,0.455,0.601,1
"HSBP1L1",0.0239914007495742,0.012183810119462,0.311,0.525,1
"ADAMTS1",0.0242730707252177,0.0129207793212347,0.335,0.521,1
"UGCG",0.0261144270181294,0.0767067255285502,0.479,0.637,1
"PCDH7",0.0261686800128838,0.0161663993904927,0.239,0.447,1
"CENPW",0.0264554242588889,-0.0523848460099618,0.869,0.958,1
"LGALS1",0.027138347153548,0.0872420803519686,0.655,0.756,1
"ADAM12",0.0280732443053994,-0.0129161299831418,0.239,0.511,1
"MAP6",0.02814927692682,-0.0108419972419465,0.54,0.798,1
"CALM1",0.0288859630818194,-0.0818717764753667,0.999,1,1
"DPYSL3",0.0289134564446671,0.056476350992733,0.66,0.779,1
"BNC2",0.0290687088087389,0.012564157495367,0.291,0.489,1
"TPPP3",0.0297902269639689,-0.0781684661658971,0.446,0.652,1
"LMNB1",0.0298781004518854,0.0801039192288708,0.933,0.971,1
"HSPD1",0.0299260411029647,0.0470182531398504,0.996,0.999,1
"TUBB4B",0.0301446705764802,0.0480726610003446,0.988,0.993,1
"MXRA8",0.0312818775111179,-0.0435711201760342,0.287,0.485,1
"GATM",0.0316113846858311,0.0257909570646375,0.331,0.607,1
"SLC7A11",0.0316675554437496,-0.047010394129362,0.302,0.567,1
"SESN2",0.0323068801487915,-0.0415887631752553,0.372,0.626,1
"IGDCC3",0.0324356681806977,0.060877384999003,0.973,0.985,1
"DDR2",0.0328229147389287,-0.023885685394171,0.302,0.575,1
"CDC20",0.0333758042475852,0.0602310067889171,0.938,0.988,1
"CALD1",0.0335390047451388,-0.0565749898296473,0.866,0.934,1
"RANBP1",0.0342200424235783,0.0439189600169794,0.999,0.998,1
"MT-CO1",0.0345204693529655,0.0591529957176133,1,1,1
"ACAT2",0.0349457483972675,0.0509906007606702,0.928,0.957,1
"NFASC",0.0350502680197044,-0.0416546861523167,0.428,0.64,1
"MAF",0.0362328643220705,-0.013195404866525,0.443,0.682,1
"SLC1A5",0.0376929256745387,0.0760566788931094,0.643,0.754,1
"DSG2",0.0378174804806235,-0.0358169493149979,0.49,0.705,1
"CYBA",0.037961663010963,-0.0117801272119333,0.599,0.79,1
"TIMP2",0.0385195449415011,0.0406962524017414,0.378,0.645,1
"CORO2B",0.0397028018679334,-0.0129026684322538,0.263,0.529,1
"RCAN1",0.0400263593585549,0.0167447692572323,0.431,0.664,1
"CKAP5",0.0400439261815854,0.0717035789620286,0.884,0.953,1
"MEG3",0.040121785734966,-0.0370033901653325,0.718,0.874,1
"SMC1A",0.0411695112843884,0.0520117206327309,0.832,0.881,1
"PTTG1",0.0423604449748537,0.0568938538547092,0.987,0.994,1
"TSHZ2",0.043684588644594,0.0176411978513427,0.406,0.644,1
"FEN1",0.043843684962072,-0.0273878210258235,0.736,0.859,1
"NTRK2",0.0440546908935658,0.0971748709589922,0.669,0.843,1
"PIMREG",0.0454309568528361,-0.0336103019736338,0.812,0.947,1
"CENPK",0.0459103128895064,0.0561003154456394,0.672,0.79,1
"ASF1B",0.0462739761363887,0.0624952100465886,0.53,0.679,1
"DUT",0.0467327323354929,0.0827628676059553,0.831,0.895,1
"FANCD2",0.0468028217024702,-0.0333720462327823,0.605,0.778,1
"NCL",0.0468174963673879,0.0562500424146326,0.999,0.999,1
"RHOB",0.046899788936449,-0.0242636092848686,0.374,0.559,1
"MT-ND2",0.0470323902718717,0.0583867990905373,0.997,1,1
"TIMP1",0.0472742172960089,0.0891695835086486,0.681,0.833,1
"KIF11",0.04735432000309,0.0747936102931499,0.766,0.845,1
"MFSD12",0.047410934578638,0.0228184426983121,0.411,0.65,1
"SAT1",0.0490200277624712,0.0236629270683229,0.526,0.666,1
"ENO1",0.0491241676430533,-0.0406098479015267,0.998,0.998,1
"CCNA2",0.0491283621349511,0.0875300489045781,0.806,0.881,1
"FAM111B",0.0491580232173907,0.0452904627036401,0.532,0.695,1
"KREMEN1",0.0495799180645478,0.0198570761386841,0.34,0.593,1
"EIF4G1",0.0505012556330135,-0.0288620732663909,0.72,0.864,1
"EMP2",0.0510354927157215,0.0119602367437026,0.591,0.776,1
"PHF19",0.0521353989362981,0.0484648024513988,0.615,0.824,1
"ENG",0.0522170196143236,0.0175493482654696,0.179,0.477,1
"KDELR3",0.0530860985122372,0.0119237110696336,0.231,0.529,1
"ITGA6",0.0554015579144126,-0.0298451274090518,0.575,0.744,1
"DSE",0.0563947772176956,-0.0169842612229933,0.311,0.57,1
"RBMS1",0.0569766585796915,-0.0421843507769051,0.373,0.521,1
"NUSAP1",0.0572306221074914,0.0563206860133612,0.909,0.942,1
"HIST1H2AG",0.0586481285493166,0.0134100241909174,0.525,0.653,1
"ALCAM",0.0589931264205845,-0.0141309276853183,0.276,0.547,1
"G2E3",0.0598639699534347,0.015484723393755,0.689,0.891,1
"APLP2",0.060093298128038,-0.0370501861008106,0.879,0.953,1
"SYT11",0.0611382728754197,0.115680060612092,0.718,0.968,1
"FANCI",0.0611804623597103,0.0693312698176316,0.726,0.831,1
"CKAP2",0.0614224597706186,0.0538531661639197,0.874,0.908,1
"TRPM3",0.0621106454653993,-0.015150724313805,0.206,0.513,1
"HNRNPA2B1",0.062224794742633,0.0370676564936114,1,1,1
"SLC2A1",0.0626099382643175,0.044075255129415,0.732,0.898,1
"CBLN1",0.0628070589287353,-0.0314736227078112,0.312,0.565,1
"GTSE1",0.0643340688828777,0.0824568961538936,0.772,0.849,1
"CCDC102B",0.0654385099516112,0.0107159977094707,0.287,0.5,1
"CXXC5",0.0656483769544677,0.015670450542094,0.633,0.853,1
"NLRP1",0.0667279232847402,0.0347685384591037,0.636,0.831,1
"POU3F2",0.0669719570921671,0.0746508429967103,0.872,0.961,1
"TFPI2",0.0682812690902839,-0.0410433465465396,0.247,0.546,1
"CPLX2",0.0683573173569719,0.0108863016382245,0.238,0.498,1
"LIG1",0.069001661738105,0.0530488278183109,0.541,0.667,1
"AC027031.2",0.0691321015008154,-0.0115353118316851,0.266,0.479,1
"ST8SIA4",0.0695206162516634,-0.0303991456081075,0.322,0.566,1
"HSPA9",0.0699985510557865,0.0628838249096229,0.816,0.895,1
"MT-CO2",0.0721273030467163,0.0431358195121492,1,1,1
"MYADM",0.0725334683400583,0.0358709234604855,0.425,0.662,1
"HAS2",0.073046538333973,-0.0104924320289454,0.229,0.454,1
"KRT8",0.0731715068050728,-0.175796898678757,0.367,0.537,1
"HSP90B1",0.0733723385835868,0.0282694778835784,0.994,0.996,1
"TTYH1",0.0754155957494647,0.0257647164070787,0.988,0.994,1
"RAD21",0.0765387039671868,0.0519806940908742,0.941,0.969,1
"HMGN2",0.0780158975841388,0.023626797879281,0.999,0.998,1
"SGO2",0.0803245311933949,0.0543500819402039,0.837,0.909,1
"MCM7",0.0808119775040287,0.0598311470268049,0.9,0.948,1
"UBE2T",0.0808529308568045,-0.0304291634960314,0.829,0.94,1
"CDCA8",0.0809668675886095,0.0137178115057808,0.754,0.775,1
"MKI67",0.0820683575491808,0.0363502900971282,0.947,0.963,1
"HMGA2",0.0825329876976299,0.0500528275567728,0.783,0.838,1
"HSPA5",0.0839427478878218,-0.019317582149343,0.865,0.956,1
"NCOA1",0.0843255343763817,0.0586121306535272,0.385,0.582,1
"DDX21",0.0860560539772171,0.0604334125841175,0.839,0.924,1
"CDK6",0.0879803590469996,0.0583744598231307,0.703,0.918,1
"PRC1",0.0904012120250455,0.0631635767588529,0.682,0.902,1
"HMMR",0.0940172073492917,-0.0355254262677245,0.872,0.979,1
"AKR1B1",0.0940281600794779,0.0482413338380243,0.839,0.89,1
"RTKN2",0.0953778445461898,-0.0316168935040757,0.738,0.873,1
"XIST",0.0957363433940085,-0.200847254278134,0.298,0.538,1
"AMER2",0.0958933560330076,0.0256037117998256,0.359,0.57,1
"TUBB2B",0.0964170709443402,-0.0481838380826658,0.999,0.999,1
"KIF5C",0.0968136292264181,0.0184177604855789,0.724,0.875,1
"MCM4",0.0970348791346062,0.0613408037223013,0.657,0.753,1
"HJURP",0.0976925468172955,0.0441734091344226,0.611,0.732,1
"RPS27L",0.0980922124061764,0.0494486367730762,0.896,0.935,1
"APOC1",0.099875960269493,-0.106403350649882,0.409,0.561,1
"IFI44L",0.100682691645008,0.0425541056686467,0.29,0.573,1
"BNIP3",0.101734050902687,-0.0402014861264638,0.565,0.761,1
"YBX3",0.102063878749403,0.0443549696568508,0.818,0.873,1
"ANXA6",0.103682102726615,-0.0121240104633477,0.495,0.63,1
"PDIA4",0.106737573448183,0.0615853543782768,0.747,0.859,1
"ZMAT3",0.108554551341509,-0.0279917029348028,0.358,0.553,1
"MYDGF",0.108556493510254,-0.0303406107314439,0.785,0.899,1
"VCAN",0.110340852375747,-0.0441094344008015,0.946,0.995,1
"HSPA2",0.112150261698076,0.0277688438594616,0.42,0.624,1
"ACTN1",0.112954166718873,0.0128014296362978,0.628,0.826,1
"NPPC",0.11843954616999,0.0955270555819412,0.897,0.999,1
"CYCS",0.11913060138553,-0.0414800428871509,0.929,0.965,1
"ITGA4",0.120049663826395,0.0459637809365546,0.213,0.505,1
"MSX1",0.120490007730803,-0.0366972873900225,0.374,0.551,1
"RPL22L1",0.120995777728875,-0.0182751766980771,0.874,0.913,1
"MLLT11",0.124034797881819,-0.0212005727022457,0.829,0.956,1
"ENO3",0.124103123243402,-0.0124680286810756,0.256,0.511,1
"EGR1",0.125706860922429,0.0611438244491458,0.329,0.538,1
"LINC01315",0.129360525491998,0.0146184555266985,0.523,0.67,1
"S100A10",0.130095352935013,-0.144008376885748,0.422,0.614,1
"HSPA8",0.131746474575804,0.0438851570895022,0.985,0.992,1
"PEA15",0.132671732644642,0.0632134510762208,0.679,0.895,1
"KNL1",0.132748118891517,0.0506361899509999,0.714,0.915,1
"GADD45G",0.133947970865536,-0.0561623775043392,0.362,0.604,1
"HOXA7",0.134524928074752,-0.0217499543123746,0.155,0.365,1
"LRRC4C",0.134928449371778,0.0183437778018993,0.261,0.534,1
"MTHFD2",0.137624110009,-0.0253137907783226,0.515,0.63,1
"TYMS",0.138399799389126,0.0584216131592548,0.92,0.949,1
"NR2F1",0.141195909176073,0.0307780062850349,0.994,1,1
"IGFL2",0.142380945091662,-0.0103519886108358,0.306,0.611,1
"THSD7A",0.148232871515223,0.0136329695237446,0.313,0.56,1
"BAALC",0.1495718437149,0.0672277565694173,0.453,0.679,1
"KRT18",0.15011587502259,-0.188786196539066,0.334,0.519,1
"AL359091.1",0.151055207692748,0.0232417766219561,0.731,0.945,1
"ATP2A1",0.151304191738359,0.0101210779798791,0.138,0.435,1
"VIM",0.152849879926783,0.011461108281674,1,1,1
"CMBL",0.155386693317611,0.0175344774891225,0.529,0.666,1
"PHLDA1",0.1583198373895,0.023715156466919,0.245,0.515,1
"FGFRL1",0.161503373553438,0.0332127319310258,0.547,0.767,1
"DAB2",0.161818903157432,0.0495830602850168,0.261,0.476,1
"USP18",0.16256707301919,-0.0261116688956129,0.276,0.492,1
"LRRC75A",0.162669873433354,-0.0328952351449457,0.651,0.82,1
"EIF4EBP1",0.164669041225615,-0.0427488997818366,0.776,0.863,1
"HELLS",0.165110993505511,0.0520218335611828,0.909,0.966,1
"COL6A3",0.166262792145413,-0.0406547390766245,0.274,0.491,1
"SEMA3A",0.166727801047159,-0.0138985239929292,0.298,0.502,1
"NEAT1",0.167361779142613,0.145731252927423,0.734,0.818,1
"HSPE1",0.168563708903805,0.0294125878268061,0.998,0.998,1
"HSPB1",0.169829094110358,0.0458456212593918,0.731,0.844,1
"CD63",0.170060073470874,0.0419962346524345,0.988,0.996,1
"CADM1",0.171223811479472,-0.0192228330464042,0.681,0.827,1
"WARS",0.17220824104075,0.0127576795580657,0.438,0.607,1
"FOS",0.1723831229159,0.0624138976333518,0.586,0.807,1
"COL5A2",0.172481552273902,0.0372959964757402,0.492,0.724,1
"SOX3",0.173572066765524,0.0427275092475041,0.86,0.989,1
"HOXB7",0.173927563158201,0.0200650940048184,0.205,0.485,1
"LINC02381",0.177750321116313,-0.0489565605398384,0.247,0.485,1
"HAND2-AS1",0.177818565813236,-0.0133143712523958,0.3,0.583,1
"KIF20B",0.181602673500601,0.0659782185955029,0.795,0.9,1
"CEP78",0.181606776335076,0.0243926081365694,0.699,0.873,1
"CAP2",0.18207445388524,0.05854720407968,0.467,0.7,1
"GPM6A",0.183919419058413,0.0321936066304847,0.549,0.77,1
"ORC6",0.18430093965002,-0.0297094063022173,0.762,0.892,1
"HSPH1",0.184960697500839,-0.024632980740835,0.813,0.908,1
"P4HB",0.186172855539059,0.0338120385184275,0.875,0.94,1
"SOX2",0.186483402287182,-0.0574378173801247,0.954,0.991,1
"CREB3L1",0.187144434353942,0.0131316992708067,0.195,0.489,1
"KRT19",0.187260083056594,-0.136280502193562,0.398,0.566,1
"KIF22",0.189142267219176,0.0449876510671734,0.684,0.789,1
"SMC2",0.192433661408052,-0.0225344875809759,0.779,0.9,1
"EZR",0.192878275867053,0.026792126711733,0.833,0.92,1
"CLMP",0.193901467753495,-0.0344512580086172,0.198,0.422,1
"IFI27",0.197394219483086,0.113282367931668,0.279,0.531,1
"EFNB2",0.198696280122427,0.0640129683514773,0.782,0.882,1
"SELENOM",0.204073145033021,0.035302749834731,0.396,0.64,1
"FTL",0.205066012389306,-0.0189321174527883,0.998,0.998,1
"SLC1A3",0.212998478613301,0.037296174488272,0.584,0.844,1
"CSRP2",0.213432526589187,-0.0233013847327033,0.962,0.987,1
"FAP",0.21417999697009,-0.0102016811981303,0.178,0.483,1
"CDT1",0.214832723868933,0.0271646270930916,0.578,0.695,1
"SPDL1",0.218260376882348,0.0381386339925697,0.686,0.786,1
"LRRN1",0.218987922629361,0.0450779839514729,0.702,0.824,1
"CDK1",0.219788589523826,0.0189575993155837,0.733,0.876,1
"NKD1",0.219879587526979,0.0316698842966315,0.407,0.595,1
"JADE1",0.222378691629784,-0.0203041524887191,0.508,0.679,1
"CD47",0.226171432251385,0.0115566518489331,0.653,0.826,1
"RFX4",0.227899047944438,-0.0208990830002647,0.883,0.989,1
"SFRP1",0.230389964008087,-0.12613904050576,0.442,0.582,1
"PHGDH",0.232211365976883,0.025401363454538,0.916,0.948,1
"MGST1",0.23274722917075,0.0280119017123546,0.86,0.927,1
"TUBA1C",0.238608900890216,0.0281297145745609,0.854,0.943,1
"BGN",0.239556317685066,0.0266498470137883,0.218,0.496,1
"B2M",0.240136185176784,0.0374933023492217,0.919,0.966,1
"IFITM3",0.242998052934468,0.041963775834307,0.935,0.997,1
"SHCBP1",0.247709736345572,0.0271128741122264,0.402,0.592,1
"PNP",0.248717409070949,-0.0242645798187693,0.483,0.676,1
"PLOD2",0.248908784027609,-0.0189056412904974,0.246,0.476,1
"RHOC",0.249942302831524,0.0203835115671989,0.617,0.845,1
"JPT1",0.251103968780854,-0.0331317113165475,0.999,1,1
"POLQ",0.25136492566989,0.0244129217657868,0.394,0.629,1
"NQO1",0.254132349559638,-0.0354448944117308,0.331,0.564,1
"IFI6",0.255933198204608,0.13712413479115,0.712,0.968,1
"BIRC5",0.256190528629536,-0.0540234402287005,0.98,0.995,1
"PLK1",0.259378994039716,0.0379057387022421,0.828,0.882,1
"SORBS2",0.259502378795591,0.0783576483788779,0.57,0.83,1
"CTSC",0.261941260154058,0.0270806986897947,0.463,0.639,1
"BRCA1",0.263381771087963,0.065753848551911,0.688,0.815,1
"PTH1R",0.269290313680688,0.0548834291718914,0.266,0.501,1
"CCDC80",0.271793431629281,-0.0278756195249302,0.5,0.685,1
"PON2",0.272952552976912,-0.0316198043168443,0.859,0.99,1
"MIS18BP1",0.273779150015053,-0.0223024937588101,0.848,0.961,1
"PTCH1",0.275713155697382,0.0970702109373169,0.705,0.896,1
"SOX6",0.276951381256261,-0.0355098076818694,0.167,0.466,1
"LY6E",0.278518423745718,0.0441904804190877,0.589,0.731,1
"ANGPT1",0.279479450770258,-0.0127578647113647,0.43,0.653,1
"CLSPN",0.282193845625664,0.0378848974837616,0.795,0.864,1
"BORA",0.283281501968445,0.0389859196954702,0.488,0.653,1
"PRTG",0.284990565500357,0.0223207120344715,0.943,0.969,1
"DTX4",0.285840335202256,0.0825116640485197,0.682,0.799,1
"ITM2C",0.286768075276122,-0.0309390399727558,0.459,0.666,1
"CIT",0.287632699776655,0.0187959444795726,0.555,0.693,1
"NIN",0.28774498710191,0.0397841666302731,0.632,0.753,1
"H1FX",0.288934248604954,-0.0133999725670297,0.99,0.998,1
"TUBB2A",0.291953085580285,-0.0522441672330651,0.905,0.982,1
"KIF14",0.296785395273276,0.0793412371252413,0.565,0.697,1
"PRSS23",0.296880593284231,0.161172679030894,0.748,0.985,1
"CALR",0.298280610232194,0.0104072870359304,0.973,0.997,1
"ASRGL1",0.306087290720235,0.0322516799948925,0.702,0.79,1
"CCNB2",0.308274336510037,0.0358255607519629,0.956,0.969,1
"MAP1A",0.312137408592628,0.052480348675227,0.448,0.634,1
"MRC2",0.314462266668667,0.0973031012221978,0.393,0.626,1
"HNRNPD",0.31726124684912,0.0170157849308552,0.998,0.999,1
"MEST",0.323180125283688,0.0338667466827015,0.734,0.921,1
"RARRES2",0.323846423913771,-0.0145376059578095,0.87,0.969,1
"CCNF",0.325471626096746,0.0170916937084762,0.535,0.675,1
"RRM1",0.326691986822429,0.043763956387775,0.856,0.942,1
"HMX1",0.329710470877597,0.0267517767715876,0.137,0.391,1
"LSAMP",0.334018394486641,0.0306531486070842,0.47,0.68,1
"BLM",0.335384403511673,0.0312563973593125,0.507,0.671,1
"BST2",0.341039049664777,0.055281148223142,0.253,0.515,1
"NFKBIA",0.348080973767403,0.0277406290809393,0.533,0.717,1
"RRM2",0.353456044567708,0.0613656561563485,0.758,0.901,1
"GARS",0.356279297962606,-0.0365831428523726,0.65,0.769,1
"RGS10",0.365022652950344,-0.0121614903196779,0.407,0.611,1
"SEMA6A",0.369244063720171,-0.0394642412816176,0.276,0.497,1
"CTSB",0.371357308996313,0.0390090496739057,0.517,0.694,1
"WLS",0.372997357794281,0.0281055296158803,0.651,0.835,1
"CDC25B",0.380104462032474,0.0643354249229349,0.633,0.792,1
"ATF5",0.382650376977534,-0.0233534513208812,0.451,0.632,1
"AP1S2",0.384980482860411,-0.0152184378625557,0.769,0.857,1
"TXNIP",0.388317488727641,0.0126913379673266,0.827,0.964,1
"MAP2",0.390339068574951,0.0340378896579642,0.808,0.97,1
"HIST1H4C",0.3906649424919,-0.0375015083507733,0.925,0.963,1
"LRIG1",0.391767574053494,0.105155607020143,0.681,0.901,1
"COL4A2",0.393151726727914,0.0511622561289671,0.818,0.956,1
"ARL4C",0.393990018697697,0.0169273815530444,0.89,0.953,1
"MND1",0.394594992944016,0.0271548603965182,0.729,0.809,1
"P4HA2",0.397962412116211,0.0126461033876464,0.303,0.557,1
"ZEB1",0.401331090573299,0.0421373604584353,0.595,0.755,1
"LDHA",0.401421081389308,-0.0320225302924593,0.85,0.911,1
"OSR2",0.401932239930268,-0.0159062610108668,0.109,0.381,1
"SOX11",0.40596853866172,0.052155310654471,0.951,0.988,1
"MT-ATP6",0.413598160173828,0.026510825155948,1,1,1
"GAS1",0.415424657021426,0.0509544988747699,0.744,0.905,1
"HIST2H2AC",0.415874373648176,0.0265287078207517,0.583,0.769,1
"CDCA4",0.41595248631512,0.0192222838208208,0.628,0.786,1
"ID2",0.419523304348618,0.010144560275732,0.892,0.984,1
"ATAD2",0.42405624722299,0.0155577501509614,0.681,0.815,1
"CENPL",0.426968601626777,0.0362809385242053,0.508,0.661,1
"COL12A1",0.42942035568155,0.0214452694437715,0.175,0.459,1
"TMSB4X",0.43043828136377,-0.0472893596658146,1,1,1
"SPAG5",0.432878082755261,0.0323157004875615,0.53,0.717,1
"MALAT1",0.43332207354431,0.0155279724930049,1,1,1
"AKAP12",0.435434662192357,0.0187424605946436,0.838,0.95,1
"LMO4",0.437613363624869,0.0189991732859773,0.84,0.944,1
"FHL1",0.439854475318745,0.043259731503116,0.715,0.903,1
"GOLGB1",0.439901178920926,0.0253432730524178,0.722,0.881,1
"NEFL",0.448560003489806,0.0588029822772358,0.745,0.924,1
"NMU",0.453820427039747,0.0200004145816335,0.747,0.882,1
"UBE2S",0.459925140888418,-0.0133889628346453,0.985,0.999,1
"PLXNA2",0.459958246863276,0.0159064353283187,0.535,0.689,1
"HIST1H1C",0.45998674477865,0.0251342643604536,0.618,0.783,1
"RASL11B",0.47173314057053,-0.0472768433681797,0.362,0.585,1
"S100A13",0.483671514513869,-0.0148904790318465,0.83,0.961,1
"FEZF1-AS1",0.487377873873893,-0.0200475978998972,0.181,0.46,1
"ADD3",0.488053293436048,0.0218375373637276,0.583,0.73,1
"TMSB15A",0.488104343726594,0.0124971587545897,0.98,0.998,1
"MCM6",0.488200018232073,0.0231593806082454,0.648,0.794,1
"RAB6B",0.488683838210028,0.0339238421149958,0.422,0.654,1
"HEY2",0.492095124844807,0.0234137077509564,0.157,0.424,1
"JAG1",0.496222415457147,-0.0227295636932129,0.491,0.679,1
"IQGAP2",0.496326129919356,-0.0121302489615747,0.496,0.644,1
"MT-ND5",0.496818169682741,0.0223352019554928,0.979,0.995,1
"CENPE",0.497132420234313,0.0778815419665608,0.88,0.982,1
"PSAT1",0.504078851117545,-0.037563293135236,0.78,0.86,1
"EIF2AK2",0.504615921180432,0.10215573424407,0.702,0.924,1
"COLEC12",0.511599400995027,-0.0246381064131496,0.282,0.514,1
"MT-ND3",0.513593828883628,0.0134092663367316,1,1,1
"CTHRC1",0.513961910149733,-0.0240042638932198,0.12,0.392,1
"UNC5B",0.518509567126616,-0.016083775675785,0.392,0.569,1
"GINS2",0.531023415089392,0.0362248158866756,0.832,0.913,1
"PRR11",0.531282458031024,0.0252731003655091,0.717,0.818,1
"ITGB1",0.531535971250176,0.0342245218606065,0.833,0.949,1
"WFDC1",0.541480414839718,0.0161014416581024,0.149,0.418,1
"MAP1B",0.552255974096214,0.0321115200717803,1,0.998,1
"GMNN",0.552769495427444,-0.021235488627795,0.906,0.957,1
"TSPAN33",0.554469058695359,0.0282121871535268,0.449,0.662,1
"LDLR",0.558553832849426,0.041039683750572,0.509,0.685,1
"CKS2",0.560024585852204,0.0158025065850533,0.93,0.943,1
"CKAP2L",0.568464320042296,0.0458139112903445,0.583,0.743,1
"HOXD9",0.569770468159253,0.0105086449405936,0.112,0.389,1
"FBLN1",0.577937153835883,0.0221665874946269,0.517,0.711,1
"GNG11",0.578282546264681,-0.0279368424309964,0.7,0.866,1
"DEK",0.578415614191517,0.0120337954570386,0.998,0.999,1
"MMS22L",0.579092207506554,0.0209677732990735,0.527,0.678,1
"KIF15",0.585737726761521,0.0624945007292617,0.735,0.906,1
"SERPINB9",0.592652132001068,-0.0172727816739199,0.319,0.558,1
"IRX3",0.598380489999815,0.0386709372041913,0.842,0.995,1
"FRAT2",0.606151674618814,0.0134977846162789,0.373,0.607,1
"MT-ND6",0.608128886139475,0.0132896042068739,0.727,0.855,1
"CKB",0.608270923037477,0.0130391580979836,0.999,0.999,1
"KIFC1",0.609471879917058,0.0262447988140404,0.686,0.792,1
"CA12",0.610411093620598,-0.0101415000557442,0.252,0.535,1
"BLCAP",0.611900601942026,0.0403574557983226,0.388,0.593,1
"NCAPD2",0.612782224749696,0.039605053384688,0.794,0.908,1
"CDH8",0.621045064368441,-0.021932250621536,0.261,0.489,1
"TGFB1",0.621366587312154,-0.014032656085095,0.274,0.527,1
"SMTNL2",0.621579512177715,-0.0138462958843541,0.176,0.457,1
"DRAXIN",0.625218189830419,0.031036512831217,0.755,0.871,1
"CDKN3",0.64408896926523,0.0271522066799801,0.833,0.916,1
"NDC80",0.649202872303531,0.0533195767162443,0.73,0.854,1
"IFI44",0.651440022383997,0.0465760276160089,0.263,0.504,1
"PCNA",0.653042815735278,0.0120467017735544,0.88,0.953,1
"SLIT1",0.658972863397081,-0.0210866264727037,0.303,0.55,1
"ID1",0.663330067301679,-0.0228232354270184,0.867,0.973,1
"LIMCH1",0.666052020434389,-0.0128287696845409,0.457,0.631,1
"KIF18A",0.668642994963144,0.0598226442917178,0.63,0.778,1
"UBE2C",0.671625709901411,-0.0455049943222896,0.875,0.939,1
"ANXA5",0.675414337708021,-0.034663138805721,0.922,0.987,1
"PLCG2",0.675943219638302,0.0347177931213074,0.472,0.679,1
"CCDC144NL-AS1",0.677195459553149,0.0265200927104409,0.173,0.418,1
"CIP2A",0.68215812799917,0.0449622254256574,0.572,0.753,1
"MT-CYB",0.684456052682915,0.0275906773320038,1,1,1
"NUF2",0.686590143003592,0.0324240388666546,0.812,0.926,1
"PPP1R14A",0.686876397248366,-0.0172514107173892,0.261,0.547,1
"MYH9",0.68839481960975,0.0703680633966035,0.501,0.718,1
"MCM3",0.696512141726666,0.0139508825807937,0.774,0.863,1
"RHOU",0.700355253403632,-0.0383985624325306,0.331,0.54,1
"QPRT",0.704927890848034,0.0340189431986045,0.654,0.8,1
"SGO1",0.705529021242172,0.0231016485969097,0.747,0.844,1
"ADAMTS5",0.711640481121641,-0.0140945775870695,0.254,0.443,1
"RGS3",0.711823849042236,0.012021798073593,0.412,0.617,1
"TROAP",0.71704502561045,0.0649403406994317,0.68,0.858,1
"AURKB",0.718710122229326,-0.0114651549700888,0.866,0.939,1
"PCLAF",0.72337878774939,0.0131894986960563,0.901,0.958,1
"CNN2",0.724030803365582,0.0125906779447411,0.807,0.954,1
"SVIL",0.733619683037183,0.0550048892326482,0.454,0.653,1
"RELN",0.736969680079865,-0.0207417478845591,0.238,0.502,1
"SOD2",0.737008212629178,0.0192405206862857,0.521,0.696,1
"BUB3",0.737188093309096,0.026286686918539,0.839,0.918,1
"PALLD",0.737612764280609,0.0951283250399249,0.727,0.934,1
"SPARC",0.742423863649615,0.0385830775912808,0.803,0.953,1
"CRABP2",0.74581626597358,0.0343098385676028,0.84,0.918,1
"GDF7",0.748492583094611,-0.0285128035020668,0.282,0.534,1
"COL1A1",0.749487282676393,0.0447270338951286,0.427,0.647,1
"PAX3",0.751210583716836,-0.0303781644675369,0.866,1,1
"BUB1B",0.755806932788194,0.0437185893979926,0.719,0.834,1
"CNTNAP2",0.757835964397996,0.0147881057090359,0.814,0.978,1
"TCIM",0.764714542716136,0.0256968943856219,0.271,0.522,1
"PCSK1N",0.76498760452155,-0.0133679299222477,0.31,0.54,1
"CCND3",0.766289706726663,0.0230482715515226,0.269,0.513,1
"ZNF503",0.770215440248597,0.0352112205636768,0.71,0.856,1
"STAT1",0.770495966475709,0.0827589704519738,0.581,0.806,1
"CALM2",0.78233944594373,-0.0174279040695442,0.996,0.998,1
"CTSD",0.784654205063169,0.0228012779591368,0.665,0.81,1
"AK4",0.788739650874098,0.0179691634617542,0.427,0.633,1
"ADGRV1",0.793042622015233,0.0620703672172976,0.715,0.951,1
"DLK1",0.799998596759475,-0.0227248682076722,0.282,0.526,1
"DTYMK",0.800610614993829,0.0150459391925468,0.933,0.975,1
"PLAUR",0.800720359790558,-0.0140980303932105,0.261,0.482,1
"IGFBP4",0.80108047659043,0.0327395444449112,0.544,0.737,1
"SHMT2",0.806181273388619,-0.0414273074922569,0.54,0.694,1
"MYBL2",0.806250458566651,0.039239038732757,0.678,0.821,1
"CADPS",0.811290534062843,-0.0188050006388551,0.368,0.605,1
"PPIB",0.815633192821184,0.0208866086012525,0.951,0.985,1
"HNRNPAB",0.817101453002257,0.0152731989473973,0.992,0.997,1
"PPP1R1A",0.824791439910522,0.0514174634357132,0.776,0.998,1
"KNSTRN",0.830204041635815,0.0672239363984272,0.747,0.888,1
"SACS",0.830884757375204,0.0502726707080124,0.746,0.918,1
"BEX1",0.835725648740473,-0.0384385922420518,0.809,0.945,1
"ATAD5",0.836099951358639,0.0360302491295414,0.603,0.756,1
"METTL7A",0.837874366473177,-0.0282559141066204,0.271,0.504,1
"VCL",0.840842206507771,0.0723521729453152,0.676,0.859,1
"PMAIP1",0.843200523064058,0.0516744171369641,0.4,0.623,1
"HES4",0.843345204286677,-0.0321106009564662,0.939,0.985,1
"CCDC18",0.846307964510908,0.0696694547848009,0.597,0.767,1
"XRCC2",0.853646373338589,0.0409148460246205,0.575,0.735,1
"AURKA",0.856244179724229,0.0728320880061661,0.742,0.891,1
"PITX1",0.85867889828998,-0.0155938767107998,0.219,0.509,1
"HEY1",0.865381813887511,-0.0157881964051105,0.255,0.495,1
"PHLDA3",0.865709314997735,-0.0247162491075139,0.447,0.631,1
"MYC",0.866046336068497,-0.142605845934574,0.303,0.534,1
"FRZB",0.883533781599028,0.234233977895936,0.757,0.975,1
"CHPF",0.885228972680398,0.0268616519099216,0.372,0.605,1
"SOX21",0.886251267822923,0.0546011084622528,0.677,0.895,1
"PKM",0.888237436774136,-0.0126896035904212,0.992,0.997,1
"PRKG1",0.893080539213726,-0.0217269619356036,0.21,0.456,1
"FSTL1",0.893719430728269,0.069088435444095,0.681,0.884,1
"FLNB",0.898779824460679,0.0540774438361088,0.428,0.64,1
"TLN1",0.901237569923238,0.0383706700456472,0.598,0.78,1
"NEU1",0.904223966871204,0.0363811448702869,0.438,0.642,1
"ZNF106",0.907333379107031,0.0194254609233694,0.684,0.816,1
"HES6",0.913851927129033,0.024332002965151,0.864,0.966,1
"GPATCH4",0.91872368715255,-0.0106205795911616,0.736,0.837,1
"EMC10",0.919807756346037,0.0295883088996332,0.644,0.821,1
"CENPM",0.930684800068684,0.0173759835868603,0.74,0.861,1
"CD9",0.941792544921418,0.0494291543755496,0.756,0.969,1
"LMNA",0.947432678255362,0.048623404439621,0.407,0.625,1
"SLBP",0.951375529901648,0.0396257620933893,0.668,0.797,1
"MZT1",0.954729918059151,0.0156752123411443,0.811,0.906,1
"COL3A1",0.958613822157627,-0.0313435212794163,0.59,0.75,1
"REXO2",0.963716137175262,0.0367248803213751,0.629,0.784,1
"LHFPL6",0.964662180560441,0.120667583908074,0.732,0.951,1
"ALPL",0.966327987003467,0.0142289937653103,0.63,0.793,1
"HMGA1",0.966745355770536,0.0184827504136527,0.991,0.998,1
"SFRP2",0.97455353673504,0.0347404421531048,0.898,0.992,1
"IQGAP1",0.974892820983252,0.0294909411982671,0.55,0.727,1
"TAGLN3",0.976324784497227,0.0334680988295879,0.644,0.826,1
"IFIT3",0.986749822251911,0.028799187775276,0.261,0.494,1
"CTGF",0.992418022184466,0.0697298639920204,0.551,0.717,1
"HIST1H2BH",0.993850073626438,0.0182610368460612,0.509,0.684,1
"FABP5",0.999504109223629,0.0115719062055897,0.958,0.986,1
